scenario_id,model,mean_missing_s,runs,collisions,collision_rate,collision_ci95_low,collision_ci95_high,pooled_realized_dropout_rate,mean_realized_dropout_rate,mean_minimum_gap_m,worst_minimum_gap_m,median_minimum_gap_m,mean_minimum_ttc_s,worst_minimum_ttc_s,mean_longest_missing_s,maximum_longest_missing_s
1549178,ideal,,1,0,0.0,,,0.0,0,5.720857133271039,5.720857133271039,5.720857133271039,2.6107048029453224,2.6107048029453224,0,0
1549178,iid,,100,0,0.0,3.469446951953614e-18,0.03699349820698568,0.0999,0.0999,5.27917353272049,4.631555284262369,5.274823813772058,2.2808805425437852,1.636427800672247,0.10200000000000001,0.15000000000000002
1549178,markov,0.2,100,3,0.03,0.010254524024038925,0.0845193642905276,0.10727833695817106,0.10937353099730458,4.600283010293133,-0.03976649335329263,5.150691779113343,1.652488061524549,0,0.42600000000000005,0.9500000000000001
1549178,markov,0.5,100,22,0.22,0.150012823846054,0.31070353514985793,0.10842289163004923,0.12084052902534063,3.8120474476476796,-0.0943530893110891,5.189656240916623,1.4505752370485578,0,0.656,2.95
1549178,markov,1.0,100,31,0.31,0.22779697212376038,0.40626055719489407,0.10890429958391123,0.13936865304300627,3.5538211110143774,-0.11760502774690984,5.270519166671883,1.436642826739703,0,0.805,3.7
1554254,ideal,,1,0,0.0,,,0.0,0,8.316723325718492,8.316723325718492,8.316723325718492,2.372211302254024,2.372211302254024,0,0
1554254,iid,,100,0,0.0,3.469446951953614e-18,0.03699349820698568,0.0999,0.0999,7.756251560878725,7.15188647359387,7.753106575693353,2.3016126434885793,1.878926147469358,0.10200000000000001,0.15000000000000002
1554254,markov,0.2,100,1,0.01,0.0017674320641406505,0.054486196178705315,0.10711595440164716,0.10815132743362832,7.06311671961023,-0.016490128810042748,7.7722657094130625,1.8320876024629056,0,0.42600000000000005,0.9500000000000001
1554254,markov,0.5,100,17,0.17,0.10893566114059931,0.25548004767601123,0.10951460368880296,0.1197985251625573,5.915097380997985,-0.10966367958847201,7.910030822407102,1.5236923967548854,0,0.6715,2.95
1554254,markov,1.0,100,28,0.28,0.20139685211186212,0.3748802870992116,0.11288202431810714,0.14080859478590074,5.359187044067707,-0.1117075513647885,7.9557354688669495,1.4447276576986614,0,0.8395,3.9000000000000004
1554431,ideal,,1,0,0.0,,,0.0,0,13.55726609671904,13.55726609671904,13.55726609671904,1.9717629049977412,1.9717629049977412,0,0
1554431,iid,,100,0,0.0,3.469446951953614e-18,0.03699349820698568,0.0999,0.0999,12.843802978947574,12.1613678045646,12.861581966691935,1.9055194836168086,1.6862429074526681,0.10200000000000001,0.15000000000000002
1554431,markov,0.2,100,1,0.01,0.0017674320641406505,0.054486196178705315,0.10708906516718546,0.10800508474576272,12.042868801603214,-0.00487444642869761,12.87537507320819,1.7730146862082452,0,0.42600000000000005,0.9500000000000001
1554431,markov,0.5,100,13,0.13,0.07757167427240512,0.20980351440076428,0.11066846026490067,0.1202833320755974,10.2077626512185,-0.15250250052923287,12.97341463727032,1.5041249227013698,0,0.6890000000000001,2.95
1554431,markov,1.0,100,26,0.26,0.18404698464748132,0.3537098944918718,0.11692408092234066,0.1450080705951408,9.033964007108608,-0.17647507456485956,13.136787938491082,1.325425148393704,0,0.8725,3.85
