controller,scenario_id,model,mean_missing_s,runs,collisions,collision_rate,aeb_triggered_runs,mean_first_aeb_s,mean_trigger_delay_s,maximum_trigger_delay_s,mean_collision_relative_speed_mps,collision_ci95_low,collision_ci95_high,pooled_realized_dropout_rate,mean_realized_dropout_rate,mean_minimum_gap_m,worst_minimum_gap_m,median_minimum_gap_m,mean_minimum_ttc_s,worst_minimum_ttc_s,mean_longest_missing_s,maximum_longest_missing_s
aeb,1549178,ideal,,1,0,0.0,1,3.279999999999974,0,0,,,,0.0,0,1.5528550052170766,1.5528550052170766,1.5528550052170766,0.6375036305211272,0.6375036305211272,0,0
aeb,1549178,iid,,100,0,0.0,100,3.283099999999974,0.003099999999999934,0.06999999999999851,,3.469446951953614e-18,0.03699349820698568,0.0999,0.0999,1.5168793784250938,0.7400275642597629,1.5528550052170766,0.6293024067697777,0.4527311491695507,0.10200000000000001,0.15000000000000002
aeb,1549178,markov,0.2,100,4,0.04,100,3.295499999999974,0.01549999999999967,0.7199999999999847,4.23245647983048,0.01566330399154762,0.0983707143588792,0.10637102130485873,0.10771454066781043,1.4641432300843265,-0.0699335801740153,1.5528550052170766,0.6043905103531226,0,0.42350000000000004,0.9500000000000001
aeb,1549178,markov,0.5,100,8,0.08,99,3.3051515151514885,0.025151515151514616,0.6699999999999857,5.442525701718884,0.041093461484380624,0.14998107700948735,0.11423044751150147,0.12170213267950546,1.4149543923924763,-0.08161536386375712,1.5528550052170766,0.5838614278986921,0,0.6965,2.95
aeb,1549178,markov,1.0,100,9,0.09,97,3.312886597938118,0.032886597938143636,0.9699999999999798,6.867834624667859,0.04807254000256516,0.1622621285271631,0.1241517176074491,0.14296027822546084,1.3888458803001102,-0.08161536386375712,1.5528550052170766,0.575638666779965,0,0.9125000000000001,3.7
aeb,1554254,ideal,,1,0,0.0,1,3.5299999999999687,0,0,,,,0.0,0,0.8800507462689411,0.8800507462689411,0.8800507462689411,0.35771381406216657,0.35771381406216657,0,0
aeb,1554254,iid,,100,1,0.01,100,3.5326999999999686,0.0026999999999999425,0.16999999999999638,5.178683852413582,0.0017674320641406505,0.054486196178705315,0.09983419584987188,0.09982087378640776,0.8561241494435872,-0.03678188541725369,0.8800507462689411,0.35015144853348634,0,0.10200000000000001,0.15000000000000002
aeb,1554254,markov,0.2,100,7,0.07,100,3.5501999999999683,0.020199999999999572,0.6699999999999862,6.210983796461018,0.03431926106727268,0.137495147390735,0.10599078341013825,0.10844133168418883,0.8044939184843214,-0.0850466867484414,0.8800507462689411,0.32948566516736805,0,0.42150000000000004,0.9500000000000001
aeb,1554254,markov,0.5,100,9,0.09,98,3.5476530612244583,0.017653061224489425,0.6199999999999872,7.522274007220962,0.04807254000256516,0.1622621285271631,0.11514104778353483,0.12233984905919446,0.7933601447214204,-0.040976305578038996,0.8800507462689411,0.3239254798413482,0,0.6985,2.95
aeb,1554254,markov,1.0,100,9,0.09,96,3.5499999999999683,0.019999999999999584,0.7199999999999851,10.589865575204481,0.04807254000256516,0.1622621285271631,0.12299549313489153,0.14171720834028215,0.795718106791461,-0.09500940314801465,0.8800507462689411,0.32472252531895984,0,0.9185000000000001,3.75
aeb,1554431,ideal,,1,1,1.0,1,3.419999999999971,0,0,8.269537728191763,,,0.0,0,-0.028205447670721195,-0.028205447670721195,-0.028205447670721195,0,0,0,0
aeb,1554431,iid,,100,100,1.0,100,3.423299999999971,0.0032999999999999297,0.02999999999999936,8.25162813530418,0.9630065017930143,1.0,0.09894061619204976,0.0989548829240434,-0.028984558157148795,-0.03528827027460846,-0.028205447670721195,0,0,0.082,0.15000000000000002
aeb,1554431,markov,0.2,100,100,1.0,100,3.4459999999999704,0.02599999999999945,0.7799999999999838,8.599295595446886,0.9630065017930143,1.0,0.11796821682753242,0.11815778623216104,-0.03051450284035242,-0.120498181818808,-0.028205447670721195,0,0,0.329,0.9500000000000001
aeb,1554431,markov,0.5,100,100,1.0,99,3.4442424242423946,0.02424242424242373,0.7299999999999849,8.67886323947296,0.9630065017930143,1.0,0.11236831837690207,0.11312533503902644,-0.030629424689962766,-0.11261012319461061,-0.028205447670721195,0,0,0.446,2.95
aeb,1554431,markov,1.0,100,100,1.0,97,3.4451546391752284,0.025154639175257204,0.8299999999999828,8.859289314150754,0.9630065017930143,1.0,0.1205078125,0.12304623962230664,-0.031374869452796404,-0.14915645593152016,-0.028205447670721195,0,0,0.5215000000000001,3.7
