time,perception_mode,target_id,perceived_distance,true_distance,distance_error,ego_speed,target_speed,commanded_speed,collision
0,noisy,-1,-1,-1,0,19.4444,0,19.4444,0
0.001,noisy,-1,-1,-1,0,19.4444,0,19.4444,0
0.013807,noisy,-1,-1,-1,0,19.4444,0,19.4444,0
0.015047,noisy,-1,-1,-1,0,19.4444,0,19.4444,0
0.016094,noisy,-1,-1,-1,0,19.4444,0,19.4444,0
0.024491,noisy,-1,-1,-1,0,19.4444,0,19.4444,0
0.03239,noisy,-1,-1,-1,0,19.4444,0,19.4444,0
0.040744,noisy,-1,-1,-1,0,19.4444,0,19.4444,0
0.04949,noisy,-1,-1,-1,0,19.4444,0,19.4444,0
0.057393,noisy,-1,-1,-1,0,19.4444,0,19.4444,0
0.065986,noisy,-1,-1,-1,0,19.4444,0,19.4444,0
0.077066,noisy,-1,-1,-1,0,19.4444,0,19.4444,0
0.082646,noisy,-1,-1,-1,0,19.4444,0,19.4444,0
0.090814,noisy,-1,-1,-1,0,19.4444,0,19.4444,0
0.09919,noisy,-1,-1,-1,0,19.4444,0,19.4444,0
0.107915,noisy,-1,-1,-1,0,19.4444,0,19.4444,0
0.116371,noisy,-1,-1,-1,0,19.4444,0,19.4444,0
0.124077,noisy,-1,-1,-1,0,19.4444,0,19.4444,0
0.132431,noisy,-1,-1,-1,0,19.4444,0,19.4444,0
0.14106,noisy,-1,-1,-1,0,19.4444,0,19.4444,0
0.149256,noisy,-1,-1,-1,0,19.4444,0,19.4444,0
0.157455,noisy,-1,-1,-1,0,19.4444,0,19.4444,0
0.166767,noisy,-1,-1,-1,0,19.4444,0,19.4444,0
0.174153,noisy,-1,-1,-1,0,19.4444,0,19.4444,0
0.182469,noisy,-1,-1,-1,0,19.4444,0,19.4444,0
0.190671,noisy,-1,-1,-1,0,19.4444,0,19.4444,0
0.199142,noisy,-1,-1,-1,0,19.4444,0,19.4444,0
0.207588,noisy,-1,-1,-1,0,19.4444,0,19.4444,0
0.215695,noisy,-1,-1,-1,0,19.4444,0,19.4444,0
0.226123,noisy,-1,-1,-1,0,19.4444,0,19.4444,0
0.232516,noisy,-1,-1,-1,0,19.4444,0,19.4444,0
0.240779,noisy,-1,-1,-1,0,19.4444,0,19.4444,0
0.250623,noisy,-1,-1,-1,0,19.4444,0,19.4444,0
0.257342,noisy,-1,-1,-1,0,19.4444,0,19.4444,0
0.265744,noisy,-1,-1,-1,0,19.4444,0,19.4444,0
0.274258,noisy,-1,-1,-1,0,19.4444,0,19.4444,0
0.283535,noisy,-1,-1,-1,0,19.4444,0,19.4444,0
0.290752,noisy,-1,-1,-1,0,19.4444,0,19.4444,0
0.29935,noisy,-1,-1,-1,0,19.4444,0,19.4444,0
0.307335,noisy,-1,-1,-1,0,19.4444,0,19.4444,0
0.316039,noisy,-1,-1,-1,0,19.4444,0,19.4444,0
0.324218,noisy,-1,-1,-1,0,19.4444,0,19.4444,0
0.332469,noisy,-1,-1,-1,0,19.4444,0,19.4444,0
0.340976,noisy,-1,-1,-1,0,19.4444,0,19.4444,0
0.349164,noisy,-1,-1,-1,0,19.4444,0,19.4444,0
0.357423,noisy,-1,-1,-1,0,19.4444,0,19.4444,0
0.36566,noisy,-1,-1,-1,0,19.4444,0,19.4444,0
0.374151,noisy,-1,-1,-1,0,19.4444,0,19.4444,0
0.382413,noisy,-1,-1,-1,0,19.4444,0,19.4444,0
0.390664,noisy,-1,-1,-1,0,19.4444,0,19.4444,0
0.399132,noisy,-1,-1,-1,0,19.4444,0,19.4444,0
0.407423,noisy,-1,-1,-1,0,19.4444,0,19.4444,0
0.415767,noisy,-1,-1,-1,0,19.4444,0,19.4444,0
0.42401,noisy,-1,-1,-1,0,19.4444,0,19.4444,0
0.4324,noisy,-1,-1,-1,0,19.4444,0,19.4444,0
0.440809,noisy,-1,-1,-1,0,19.4444,0,19.4444,0
0.449036,noisy,-1,-1,-1,0,19.4444,0,19.4444,0
0.457342,noisy,-1,-1,-1,0,19.4444,0,19.4444,0
0.465675,noisy,-1,-1,-1,0,19.4444,0,19.4444,0
0.474458,noisy,-1,-1,-1,0,19.4444,0,19.4444,0
0.482355,noisy,-1,-1,-1,0,19.4444,0,19.4444,0
0.491253,noisy,-1,-1,-1,0,19.4444,0,19.4444,0
0.499126,noisy,-1,-1,-1,0,19.4444,0,19.4444,0
0.507361,noisy,-1,-1,-1,0,19.4444,0,19.4444,0
0.518198,noisy,-1,-1,-1,0,19.4444,0,19.4444,0
0.524415,noisy,-1,-1,-1,0,19.4444,0,19.4444,0
0.532333,noisy,-1,-1,-1,0,19.4444,0,19.4444,0
0.542747,noisy,-1,-1,-1,0,19.4444,0,19.4444,0
0.549014,noisy,-1,-1,-1,0,19.4444,0,19.4444,0
0.561913,noisy,-1,-1,-1,0,19.4444,0,19.4444,0
0.565941,noisy,-1,-1,-1,0,19.4444,0,19.4444,0
0.574052,noisy,-1,-1,-1,0,19.4444,0,19.4444,0
0.582454,noisy,-1,-1,-1,0,19.4444,0,19.4444,0
0.590691,noisy,-1,-1,-1,0,19.4444,0,19.4444,0
0.600185,noisy,-1,-1,-1,0,19.4444,0,19.4444,0
0.60755,noisy,-1,-1,-1,0,19.4444,0,19.4444,0
0.615707,noisy,-1,-1,-1,0,19.4444,0,19.4444,0
0.625843,noisy,-1,-1,-1,0,19.4444,0,19.4444,0
0.632366,noisy,-1,-1,-1,0,19.4444,0,19.4444,0
0.640763,noisy,-1,-1,-1,0,19.4444,0,19.4444,0
0.649054,noisy,-1,-1,-1,0,19.4444,0,19.4444,0
0.657425,noisy,-1,-1,-1,0,19.4444,0,19.4444,0
0.665832,noisy,-1,-1,-1,0,19.4444,0,19.4444,0
0.674206,noisy,-1,-1,-1,0,19.4444,0,19.4444,0
0.682722,noisy,-1,-1,-1,0,19.4444,0,19.4444,0
0.690766,noisy,-1,-1,-1,0,19.4444,0,19.4444,0
0.699059,noisy,-1,-1,-1,0,19.4444,0,19.4444,0
0.707327,noisy,-1,-1,-1,0,19.4444,0,19.4444,0
0.715768,noisy,-1,-1,-1,0,19.4444,0,19.4444,0
0.72419,noisy,-1,-1,-1,0,19.4444,0,19.4444,0
0.73231,noisy,-1,-1,-1,0,19.4444,0,19.4444,0
0.740793,noisy,-1,-1,-1,0,19.4444,0,19.4444,0
0.74908,noisy,-1,-1,-1,0,19.4444,0,19.4444,0
0.757719,noisy,-1,-1,-1,0,19.4444,0,19.4444,0
0.765655,noisy,-1,-1,-1,0,19.4444,0,19.4444,0
0.774126,noisy,-1,-1,-1,0,19.4444,0,19.4444,0
0.782308,noisy,-1,-1,-1,0,19.4444,0,19.4444,0
0.790721,noisy,-1,-1,-1,0,19.4444,0,19.4444,0
0.799118,noisy,-1,-1,-1,0,19.4444,0,19.4444,0
0.807321,noisy,-1,-1,-1,0,19.4444,0,19.4444,0
0.81568,noisy,-1,-1,-1,0,19.4444,0,19.4444,0
0.824118,noisy,-1,-1,-1,0,19.4444,0,19.4444,0
0.832445,noisy,-1,-1,-1,0,19.4444,0,19.4444,0
0.841306,noisy,-1,-1,-1,0,19.4444,0,19.4444,0
0.849061,noisy,-1,-1,-1,0,19.4444,0,19.4444,0
0.857346,noisy,-1,-1,-1,0,19.4444,0,19.4444,0
0.865674,noisy,-1,-1,-1,0,19.4444,0,19.4444,0
0.874575,noisy,-1,-1,-1,0,19.4444,0,19.4444,0
0.8824,noisy,-1,-1,-1,0,19.4444,0,19.4444,0
0.890711,noisy,-1,-1,-1,0,19.4444,0,19.4444,0
0.899306,noisy,-1,-1,-1,0,19.4444,0,19.4444,0
0.907353,noisy,-1,-1,-1,0,19.4444,0,19.4444,0
0.915794,noisy,-1,-1,-1,0,19.4444,0,19.4444,0
0.924679,noisy,-1,-1,-1,0,19.4444,0,19.4444,0
0.932391,noisy,-1,-1,-1,0,19.4444,0,19.4444,0
0.941288,noisy,-1,-1,-1,0,19.4444,0,19.4444,0
0.949211,noisy,-1,-1,-1,0,19.4444,0,19.4444,0
0.959543,noisy,-1,-1,-1,0,19.4444,0,19.4444,0
0.966282,noisy,-1,-1,-1,0,19.4444,0,19.4444,0
0.974087,noisy,-1,-1,-1,0,19.4444,0,19.4444,0
0.982466,noisy,-1,-1,-1,0,19.4444,0,19.4444,0
0.992504,noisy,-1,-1,-1,0,19.4444,0,19.4444,0
0.999112,noisy,-1,-1,-1,0,19.4444,0,19.4444,0
1.00743,noisy,-1,-1,-1,0,19.4444,0,19.4444,0
1.0158,noisy,-1,-1,-1,0,19.4444,0,19.4444,0
1.02621,noisy,-1,-1,-1,0,19.4444,0,19.4444,0
1.03237,noisy,-1,-1,-1,0,19.4444,0,19.4444,0
1.04081,noisy,-1,-1,-1,0,19.4444,0,19.4444,0
1.04906,noisy,-1,-1,-1,0,19.4444,0,19.4444,0
1.05769,noisy,-1,-1,-1,0,19.4444,0,19.4444,0
1.0659,noisy,-1,-1,-1,0,19.4444,0,19.4444,0
1.07412,noisy,-1,-1,-1,0,19.4444,0,19.4444,0
1.08243,noisy,-1,-1,-1,0,19.4444,0,19.4444,0
1.09082,noisy,-1,-1,-1,0,19.4444,0,19.4444,0
1.10051,noisy,-1,-1,-1,0,19.4444,0,19.4444,0
1.10753,noisy,-1,-1,-1,0,19.4444,0,19.4444,0
1.11606,noisy,-1,-1,-1,0,19.4444,0,19.4444,0
1.12424,noisy,-1,-1,-1,0,19.4444,0,19.4444,0
1.13248,noisy,-1,-1,-1,0,19.4444,0,19.4444,0
1.14078,noisy,-1,-1,-1,0,19.4444,0,19.4444,0
1.14925,noisy,-1,-1,-1,0,19.4444,0,19.4444,0
1.15741,noisy,-1,-1,-1,0,19.4444,0,19.4444,0
1.16945,noisy,-1,-1,-1,0,19.4444,0,19.4444,0
1.17414,noisy,-1,-1,-1,0,19.4444,0,19.4444,0
1.1826,noisy,-1,-1,-1,0,19.4444,0,19.4444,0
1.19108,noisy,-1,-1,-1,0,19.4444,0,19.4444,0
1.19912,noisy,-1,-1,-1,0,19.4444,0,19.4444,0
1.20748,noisy,-1,-1,-1,0,19.4444,0,19.4444,0
1.2158,noisy,-1,-1,-1,0,19.4444,0,19.4444,0
1.22409,noisy,-1,-1,-1,0,19.4444,0,19.4444,0
1.23504,noisy,-1,-1,-1,0,19.4444,0,19.4444,0
1.24092,noisy,-1,-1,-1,0,19.4444,0,19.4444,0
1.24916,noisy,-1,-1,-1,0,19.4444,0,19.4444,0
1.25736,noisy,-1,-1,-1,0,19.4444,0,19.4444,0
1.26584,noisy,-1,-1,-1,0,19.4444,0,19.4444,0
1.27423,noisy,-1,-1,-1,0,19.4444,0,19.4444,0
1.28265,noisy,-1,-1,-1,0,19.4444,0,19.4444,0
1.29078,noisy,-1,-1,-1,0,19.4444,0,19.4444,0
1.30184,noisy,-1,-1,-1,0,19.4444,0,19.4444,0
1.30738,noisy,-1,-1,-1,0,19.4444,0,19.4444,0
1.31585,noisy,-1,-1,-1,0,19.4444,0,19.4444,0
1.32429,noisy,-1,-1,-1,0,19.4444,0,19.4444,0
1.33522,noisy,-1,-1,-1,0,19.4444,0,19.4444,0
1.34069,noisy,-1,-1,-1,0,19.4444,0,19.4444,0
1.34907,noisy,-1,-1,-1,0,19.4444,0,19.4444,0
1.35748,noisy,-1,-1,-1,0,19.4444,0,19.4444,0
1.36567,noisy,-1,-1,-1,0,19.4444,0,19.4444,0
1.37445,noisy,-1,-1,-1,0,19.4444,0,19.4444,0
1.38247,noisy,-1,-1,-1,0,19.4444,0,19.4444,0
1.39086,noisy,-1,-1,-1,0,19.4444,0,19.4444,0
1.39909,noisy,-1,-1,-1,0,19.4444,0,19.4444,0
1.40748,noisy,-1,-1,-1,0,19.4444,0,19.4444,0
1.4169,noisy,-1,-1,-1,0,19.4444,0,19.4444,0
1.42391,noisy,-1,-1,-1,0,19.4444,0,19.4444,0
1.43233,noisy,-1,-1,-1,0,19.4444,0,19.4444,0
1.44225,noisy,-1,-1,-1,0,19.4444,0,19.4444,0
1.44894,noisy,-1,-1,-1,0,19.4444,0,19.4444,0
1.45765,noisy,-1,-1,-1,0,19.4444,0,19.4444,0
1.46579,noisy,-1,-1,-1,0,19.4444,0,19.4444,0
1.47707,noisy,-1,-1,-1,0,19.4444,0,19.4444,0
1.48228,noisy,-1,-1,-1,0,19.4444,0,19.4444,0
1.49083,noisy,-1,-1,-1,0,19.4444,0,19.4444,0
1.49941,noisy,-1,-1,-1,0,19.4444,0,19.4444,0
1.50991,noisy,-1,-1,-1,0,19.4444,0,19.4444,0
1.51584,noisy,-1,-1,-1,0,19.4444,0,19.4444,0
1.5243,noisy,-1,-1,-1,0,19.4444,0,19.4444,0
1.53243,noisy,-1,-1,-1,0,19.4444,0,19.4444,0
1.54304,noisy,-1,-1,-1,0,19.4444,0,19.4444,0
1.5492,noisy,-1,-1,-1,0,19.4444,0,19.4444,0
1.55736,noisy,-1,-1,-1,0,19.4444,0,19.4444,0
1.56578,noisy,-1,-1,-1,0,19.4444,0,19.4444,0
1.57401,noisy,-1,-1,-1,0,19.4444,0,19.4444,0
1.5824,noisy,-1,-1,-1,0,19.4444,0,19.4444,0
1.59082,noisy,-1,-1,-1,0,19.4444,0,19.4444,0
1.59944,noisy,-1,-1,-1,0,19.4444,0,19.4444,0
1.60745,noisy,-1,-1,-1,0,19.4444,0,19.4444,0
1.61561,noisy,-1,-1,-1,0,19.4444,0,19.4444,0
1.62401,noisy,-1,-1,-1,0,19.4444,0,19.4444,0
1.63239,noisy,-1,-1,-1,0,19.4444,0,19.4444,0
1.64086,noisy,-1,-1,-1,0,19.4444,0,19.4444,0
1.64973,noisy,-1,-1,-1,0,19.4444,0,19.4444,0
1.6606,noisy,-1,-1,-1,0,19.4444,0,19.4444,0
1.66588,noisy,-1,-1,-1,0,19.4444,0,19.4444,0
1.67426,noisy,-1,-1,-1,0,19.4444,0,19.4444,0
1.68283,noisy,-1,-1,-1,0,19.4444,0,19.4444,0
1.69087,noisy,-1,-1,-1,0,19.4444,0,19.4444,0
1.69935,noisy,-1,-1,-1,0,19.4444,0,19.4444,0
1.70852,noisy,-1,-1,-1,0,19.4444,0,19.4444,0
1.71602,noisy,-1,-1,-1,0,19.4444,0,19.4444,0
1.72541,noisy,-1,-1,-1,0,19.4444,0,19.4444,0
1.73372,noisy,-1,-1,-1,0,19.4444,0,19.4444,0
1.74062,noisy,-1,-1,-1,0,19.4444,0,19.4444,0
1.74971,noisy,-1,-1,-1,0,19.4444,0,19.4444,0
1.76082,noisy,-1,-1,-1,0,19.4444,0,19.4444,0
1.76574,noisy,-1,-1,-1,0,19.4444,0,19.4444,0
1.77432,noisy,-1,-1,-1,0,19.4444,0,19.4444,0
1.78238,noisy,-1,-1,-1,0,19.4444,0,19.4444,0
1.79078,noisy,-1,-1,-1,0,19.4444,0,19.4444,0
1.79978,noisy,-1,-1,-1,0,19.4444,0,19.4444,0
1.80739,noisy,-1,-1,-1,0,19.4444,0,19.4444,0
1.81619,noisy,-1,-1,-1,0,19.4444,0,19.4444,0
1.82396,noisy,-1,-1,-1,0,19.4444,0,19.4444,0
1.83244,noisy,-1,-1,-1,0,19.4444,0,19.4444,0
1.84089,noisy,-1,-1,-1,0,19.4444,0,19.4444,0
1.84922,noisy,-1,-1,-1,0,19.4444,0,19.4444,0
1.8574,noisy,-1,-1,-1,0,19.4444,0,19.4444,0
1.86601,noisy,-1,-1,-1,0,19.4444,0,19.4444,0
1.87416,noisy,-1,-1,-1,0,19.4444,0,19.4444,0
1.88263,noisy,-1,-1,-1,0,19.4444,0,19.4444,0
1.89074,noisy,-1,-1,-1,0,19.4444,0,19.4444,0
1.90197,noisy,-1,-1,-1,0,19.4444,0,19.4444,0
1.9077,noisy,-1,-1,-1,0,19.4444,0,19.4444,0
1.91593,noisy,-1,-1,-1,0,19.4444,0,19.4444,0
1.92415,noisy,-1,-1,-1,0,19.4444,0,19.4444,0
1.93321,noisy,-1,-1,-1,0,19.4444,0,19.4444,0
1.94073,noisy,-1,-1,-1,0,19.4444,0,19.4444,0
1.94977,noisy,-1,-1,-1,0,19.4444,0,19.4444,0
1.9599,noisy,-1,-1,-1,0,19.4444,0,19.4444,0
1.96561,noisy,-1,-1,-1,0,19.4444,0,19.4444,0
1.97406,noisy,-1,-1,-1,0,19.4444,0,19.4444,0
1.98497,noisy,-1,-1,-1,0,19.4444,0,19.4444,0
1.99073,noisy,-1,-1,-1,0,19.4444,0,19.4444,0
1.99963,noisy,-1,-1,-1,0,19.4444,0,19.4444,0
2.00989,noisy,-1,-1,-1,0,19.4444,0,19.4444,0
2.01565,noisy,-1,-1,-1,0,19.4444,0,19.4444,0
2.02443,noisy,-1,-1,-1,0,19.4444,0,19.4444,0
2.03263,noisy,-1,-1,-1,0,19.4444,0,19.4444,0
2.04092,noisy,-1,-1,-1,0,19.4444,0,19.4444,0
2.04898,noisy,-1,-1,-1,0,19.4444,0,19.4444,0
2.05747,noisy,-1,-1,-1,0,19.4444,0,19.4444,0
2.06651,noisy,-1,-1,-1,0,19.4444,0,19.4444,0
2.07591,noisy,-1,-1,-1,0,19.4444,0,19.4444,0
2.08243,noisy,-1,-1,-1,0,19.4444,0,19.4444,0
2.09226,noisy,-1,-1,-1,0,19.4444,0,19.4444,0
2.09901,noisy,-1,-1,-1,0,19.4444,0,19.4444,0
2.10732,noisy,-1,-1,-1,0,19.4444,0,19.4444,0
2.11582,noisy,-1,-1,-1,0,19.4444,0,19.4444,0
2.12396,noisy,-1,-1,-1,0,19.4444,0,19.4444,0
2.13248,noisy,-1,-1,-1,0,19.4444,0,19.4444,0
2.14061,noisy,-1,-1,-1,0,19.4444,0,19.4444,0
2.14895,noisy,-1,-1,-1,0,19.4444,0,19.4444,0
2.15748,noisy,-1,-1,-1,0,19.4444,0,19.4444,0
2.16576,noisy,-1,-1,-1,0,19.4444,0,19.4444,0
2.17415,noisy,-1,-1,-1,0,19.4444,0,19.4444,0
2.18246,noisy,-1,-1,-1,0,19.4444,0,19.4444,0
2.19072,noisy,-1,-1,-1,0,19.4444,0,19.4444,0
2.19897,noisy,-1,-1,-1,0,19.4444,0,19.4444,0
2.20735,noisy,-1,-1,-1,0,19.4444,0,19.4444,0
2.21576,noisy,-1,-1,-1,0,19.4444,0,19.4444,0
2.22398,noisy,-1,-1,-1,0,19.4444,0,19.4444,0
2.23262,noisy,-1,-1,-1,0,19.4444,0,19.4444,0
2.24058,noisy,-1,-1,-1,0,19.4444,0,19.4444,0
2.24893,noisy,-1,-1,-1,0,19.4444,0,19.4444,0
2.25726,noisy,-1,-1,-1,0,19.4444,0,19.4444,0
2.26579,noisy,-1,-1,-1,0,19.4444,0,19.4444,0
2.27418,noisy,-1,-1,-1,0,19.4444,0,19.4444,0
2.28529,noisy,-1,-1,-1,0,19.4444,0,19.4444,0
2.29065,noisy,-1,-1,-1,0,19.4444,0,19.4444,0
2.29903,noisy,-1,-1,-1,0,19.4444,0,19.4444,0
2.30977,noisy,-1,-1,-1,0,19.4444,0,19.4444,0
2.31567,noisy,-1,-1,-1,0,19.4444,0,19.4444,0
2.32403,noisy,-1,-1,-1,0,19.4444,0,19.4444,0
2.33426,noisy,-1,-1,-1,0,19.4444,0,19.4444,0
2.34072,noisy,-1,-1,-1,0,19.4444,0,19.4444,0
2.34901,noisy,-1,-1,-1,0,19.4444,0,19.4444,0
2.35963,noisy,-1,-1,-1,0,19.4444,0,19.4444,0
2.36563,noisy,-1,-1,-1,0,19.4444,0,19.4444,0
2.37462,noisy,-1,-1,-1,0,19.4444,0,19.4444,0
2.38497,noisy,-1,-1,-1,0,19.4444,0,19.4444,0
2.39058,noisy,-1,-1,-1,0,19.4444,0,19.4444,0
2.39925,noisy,-1,-1,-1,0,19.4444,0,19.4444,0
2.40764,noisy,-1,-1,-1,0,19.4444,0,19.4444,0
2.4157,noisy,-1,-1,-1,0,19.4444,0,19.4444,0
2.42412,noisy,-1,-1,-1,0,19.4444,0,19.4444,0
2.43243,noisy,-1,-1,-1,0,19.4444,0,19.4444,0
2.44085,noisy,-1,-1,-1,0,19.4444,0,19.4444,0
2.44912,noisy,-1,-1,-1,0,19.4444,0,19.4444,0
2.45743,noisy,-1,-1,-1,0,19.4444,0,19.4444,0
2.46578,noisy,-1,-1,-1,0,19.4444,0,19.4444,0
2.47426,noisy,-1,-1,-1,0,19.4444,0,19.4444,0
2.4826,noisy,-1,-1,-1,0,19.4444,0,19.4444,0
2.49288,noisy,-1,-1,-1,0,19.4444,0,19.4444,0
2.49916,noisy,-1,-1,-1,0,19.4444,0,19.4444,0
2.5074,noisy,-1,-1,-1,0,19.4444,0,19.4444,0
2.51863,noisy,-1,-1,-1,0,19.4444,0,19.4444,0
2.52404,noisy,-1,-1,-1,0,19.4444,0,19.4444,0
2.53263,noisy,-1,-1,-1,0,19.4444,0,19.4444,0
2.54193,noisy,-1,-1,-1,0,19.4444,0,19.4444,0
2.5497,noisy,-1,-1,-1,0,19.4444,0,19.4444,0
2.55768,noisy,-1,-1,-1,0,19.4444,0,19.4444,0
2.56572,noisy,-1,-1,-1,0,19.4444,0,19.4444,0
2.57424,noisy,-1,-1,-1,0,19.4444,0,19.4444,0
2.58303,noisy,-1,-1,-1,0,19.4444,0,19.4444,0
2.59069,noisy,-1,-1,-1,0,19.4444,0,19.4444,0
2.59906,noisy,-1,-1,-1,0,19.4444,0,19.4444,0
2.60737,noisy,-1,-1,-1,0,19.4444,0,19.4444,0
2.61576,noisy,-1,-1,-1,0,19.4444,0,19.4444,0
2.6242,noisy,-1,-1,-1,0,19.4444,0,19.4444,0
2.63238,noisy,-1,-1,-1,0,19.4444,0,19.4444,0
2.64071,noisy,-1,-1,-1,0,19.4444,0,19.4444,0
2.64899,noisy,-1,-1,-1,0,19.4444,0,19.4444,0
2.65873,noisy,-1,-1,-1,0,19.4444,0,19.4444,0
2.66593,noisy,-1,-1,-1,0,19.4444,0,19.4444,0
2.6748,noisy,-1,-1,-1,0,19.4444,0,19.4444,0
2.68226,noisy,-1,-1,-1,0,19.4444,0,19.4444,0
2.69067,noisy,-1,-1,-1,0,19.4444,0,19.4444,0
2.69965,noisy,-1,-1,-1,0,19.4444,0,19.4444,0
2.70742,noisy,-1,-1,-1,0,19.4444,0,19.4444,0
2.71768,noisy,-1,-1,-1,0,19.4444,0,19.4444,0
2.72522,noisy,-1,-1,-1,0,19.4444,0,19.4444,0
2.73247,noisy,-1,-1,-1,0,19.4444,0,19.4444,0
2.74093,noisy,-1,-1,-1,0,19.4444,0,19.4444,0
2.75069,noisy,-1,-1,-1,0,19.4444,0,19.4444,0
2.75762,noisy,-1,-1,-1,0,19.4444,0,19.4444,0
2.76576,noisy,-1,-1,-1,0,19.4444,0,19.4444,0
2.77587,noisy,-1,-1,-1,0,19.4444,0,19.4444,0
2.78235,noisy,-1,-1,-1,0,19.4444,0,19.4444,0
2.79102,noisy,-1,-1,-1,0,19.4444,0,19.4444,0
2.79918,noisy,-1,-1,-1,0,19.4444,0,19.4444,0
2.80772,noisy,-1,-1,-1,0,19.4444,0,19.4444,0
2.81581,noisy,-1,-1,-1,0,19.4444,0,19.4444,0
2.8241,noisy,-1,-1,-1,0,19.4444,0,19.4444,0
2.83251,noisy,-1,-1,-1,0,19.4444,0,19.4444,0
2.8409,noisy,-1,-1,-1,0,19.4444,0,19.4444,0
2.84911,noisy,-1,-1,-1,0,19.4444,0,19.4444,0
2.85741,noisy,-1,-1,-1,0,19.4444,0,19.4444,0
2.8656,noisy,-1,-1,-1,0,19.4444,0,19.4444,0
2.87394,noisy,-1,-1,-1,0,19.4444,0,19.4444,0
2.8827,noisy,-1,-1,-1,0,19.4444,0,19.4444,0
2.89102,noisy,-1,-1,-1,0,19.4444,0,19.4444,0
2.89898,noisy,-1,-1,-1,0,19.4444,0,19.4444,0
2.90755,noisy,-1,-1,-1,0,19.4444,0,19.4444,0
2.91582,noisy,-1,-1,-1,0,19.4444,0,19.4444,0
2.92402,noisy,-1,-1,-1,0,19.4444,0,19.4444,0
2.93243,noisy,-1,-1,-1,0,19.4444,0,19.4444,0
2.94065,noisy,-1,-1,-1,0,19.4444,0,19.4444,0
2.94895,noisy,-1,-1,-1,0,19.4444,0,19.4444,0
2.9575,noisy,-1,-1,-1,0,19.4444,0,19.4444,0
2.9658,noisy,-1,-1,-1,0,19.4444,0,19.4444,0
2.97412,noisy,-1,-1,-1,0,19.4444,0,19.4444,0
2.98244,noisy,-1,-1,-1,0,19.4444,0,19.4444,0
2.99066,noisy,-1,-1,-1,0,19.4444,0,19.4444,0
2.99901,noisy,-1,-1,-1,0,19.4444,0,19.4444,0
3.00741,noisy,-1,-1,-1,0,19.4444,0,19.4444,0
3.01565,noisy,-1,-1,-1,0,19.4444,0,19.4444,0
3.02446,noisy,-1,-1,-1,0,19.4444,0,19.4444,0
3.03253,noisy,-1,-1,-1,0,19.4444,0,19.4444,0
3.04079,noisy,-1,-1,-1,0,19.4444,0,19.4444,0
3.04903,noisy,-1,-1,-1,0,19.4444,0,19.4444,0
3.05751,noisy,-1,-1,-1,0,19.4444,0,19.4444,0
3.06596,noisy,-1,-1,-1,0,19.4444,0,19.4444,0
3.07401,noisy,-1,-1,-1,0,19.4444,0,19.4444,0
3.08405,noisy,-1,-1,-1,0,19.4444,0,19.4444,0
3.09069,noisy,-1,-1,-1,0,19.4444,0,19.4444,0
3.09897,noisy,-1,-1,-1,0,19.4444,0,19.4444,0
3.10721,noisy,-1,-1,-1,0,19.4444,0,19.4444,0
3.11601,noisy,-1,-1,-1,0,19.4444,0,19.4444,0
3.12403,noisy,-1,-1,-1,0,19.4444,0,19.4444,0
3.13228,noisy,-1,-1,-1,0,19.4444,0,19.4444,0
3.14075,noisy,-1,-1,-1,0,19.4444,0,19.4444,0
3.14908,noisy,-1,-1,-1,0,19.4444,0,19.4444,0
3.1575,noisy,-1,-1,-1,0,19.4444,0,19.4444,0
3.16571,noisy,-1,-1,-1,0,19.4444,0,19.4444,0
3.17405,noisy,-1,-1,-1,0,19.4444,0,19.4444,0
3.18236,noisy,-1,-1,-1,0,19.4444,0,19.4444,0
3.19074,noisy,-1,-1,-1,0,19.4444,0,19.4444,0
3.19901,noisy,-1,-1,-1,0,19.4444,0,19.4444,0
3.20738,noisy,-1,-1,-1,0,19.4444,0,19.4444,0
3.21569,noisy,-1,-1,-1,0,19.4444,0,19.4444,0
3.22406,noisy,-1,-1,-1,0,19.4444,0,19.4444,0
3.23234,noisy,-1,-1,-1,0,19.4444,0,19.4444,0
3.24091,noisy,-1,-1,-1,0,19.4444,0,19.4444,0
3.24909,noisy,-1,-1,-1,0,19.4444,0,19.4444,0
3.2573,noisy,-1,-1,-1,0,19.4444,0,19.4444,0
3.26572,noisy,-1,-1,-1,0,19.4444,0,19.4444,0
3.27405,noisy,-1,-1,-1,0,19.4444,0,19.4444,0
3.28231,noisy,-1,-1,-1,0,19.4444,0,19.4444,0
3.2918,noisy,-1,-1,-1,0,19.4444,0,19.4444,0
3.29905,noisy,-1,-1,-1,0,19.4444,0,19.4444,0
3.30745,noisy,-1,-1,-1,0,19.4444,0,19.4444,0
3.3179,noisy,-1,-1,-1,0,19.4444,0,19.4444,0
3.32406,noisy,-1,-1,-1,0,19.4444,0,19.4444,0
3.33239,noisy,-1,-1,-1,0,19.4444,0,19.4444,0
3.34076,noisy,-1,-1,-1,0,19.4444,0,19.4444,0
3.34905,noisy,-1,-1,-1,0,19.4444,0,19.4444,0
3.35737,noisy,-1,-1,-1,0,19.4444,0,19.4444,0
3.36562,noisy,-1,-1,-1,0,19.4444,0,19.4444,0
3.37401,noisy,-1,-1,-1,0,19.4444,0,19.4444,0
3.38245,noisy,-1,-1,-1,0,19.4444,0,19.4444,0
3.39067,noisy,-1,-1,-1,0,19.4444,0,19.4444,0
3.39901,noisy,-1,-1,-1,0,19.4444,0,19.4444,0
3.40871,noisy,-1,-1,-1,0,19.4444,0,19.4444,0
3.41562,noisy,-1,-1,-1,0,19.4444,0,19.4444,0
3.42574,noisy,-1,-1,-1,0,19.4444,0,19.4444,0
3.43233,noisy,-1,-1,-1,0,19.4444,0,19.4444,0
3.44068,noisy,-1,-1,-1,0,19.4444,0,19.4444,0
3.44915,noisy,-1,-1,-1,0,19.4444,0,19.4444,0
3.45739,noisy,-1,-1,-1,0,19.4444,0,19.4444,0
3.46576,noisy,-1,-1,-1,0,19.4444,0,19.4444,0
3.47467,noisy,-1,-1,-1,0,19.4444,0,19.4444,0
3.48249,noisy,-1,-1,-1,0,19.4444,0,19.4444,0
3.49078,noisy,-1,-1,-1,0,19.4444,0,19.4444,0
3.49918,noisy,-1,-1,-1,0,19.4444,0,19.4444,0
3.50735,noisy,-1,-1,-1,0,19.4444,0,19.4444,0
3.51597,noisy,-1,-1,-1,0,19.4444,0,19.4444,0
3.52402,noisy,-1,-1,-1,0,19.4444,0,19.4444,0
3.53371,noisy,-1,-1,-1,0,19.4444,0,19.4444,0
3.54064,noisy,-1,-1,-1,0,19.4444,0,19.4444,0
3.54901,noisy,-1,-1,-1,0,19.4444,0,19.4444,0
3.55737,noisy,-1,-1,-1,0,19.4444,0,19.4444,0
3.56573,noisy,-1,-1,-1,0,19.4444,0,19.4444,0
3.57414,noisy,-1,-1,-1,0,19.4444,0,19.4444,0
3.58225,noisy,-1,-1,-1,0,19.4444,0,19.4444,0
3.59071,noisy,-1,-1,-1,0,19.4444,0,19.4444,0
3.59905,noisy,-1,-1,-1,0,19.4444,0,19.4444,0
3.60748,noisy,-1,-1,-1,0,19.4444,0,19.4444,0
3.61573,noisy,-1,-1,-1,0,19.4444,0,19.4444,0
3.62401,noisy,-1,-1,-1,0,19.4444,0,19.4444,0
3.63263,noisy,-1,-1,-1,0,19.4444,0,19.4444,0
3.64071,noisy,-1,-1,-1,0,19.4444,0,19.4444,0
3.64922,noisy,-1,-1,-1,0,19.4444,0,19.4444,0
3.65734,noisy,-1,-1,-1,0,19.4444,0,19.4444,0
3.66566,noisy,-1,-1,-1,0,19.4444,0,19.4444,0
3.67475,noisy,-1,-1,-1,0,19.4444,0,19.4444,0
3.68229,noisy,-1,-1,-1,0,19.4444,0,19.4444,0
3.69084,noisy,-1,-1,-1,0,19.4444,0,19.4444,0
3.69919,noisy,-1,-1,-1,0,19.4444,0,19.4444,0
3.7073,noisy,-1,-1,-1,0,19.4444,0,19.4444,0
3.71614,noisy,-1,-1,-1,0,19.4444,0,19.4444,0
3.7247,noisy,-1,-1,-1,0,19.4444,0,19.4444,0
3.73236,noisy,-1,-1,-1,0,19.4444,0,19.4444,0
3.74214,noisy,-1,-1,-1,0,19.4444,0,19.4444,0
3.74895,noisy,-1,-1,-1,0,19.4444,0,19.4444,0
3.75737,noisy,-1,-1,-1,0,19.4444,0,19.4444,0
3.76698,noisy,-1,-1,-1,0,19.4444,0,19.4444,0
3.77413,noisy,-1,-1,-1,0,19.4444,0,19.4444,0
3.7823,noisy,-1,-1,-1,0,19.4444,0,19.4444,0
3.7933,noisy,-1,-1,-1,0,19.4444,0,19.4444,0
3.79896,noisy,-1,-1,-1,0,19.4444,0,19.4444,0
3.8074,noisy,-1,-1,-1,0,19.4444,0,19.4444,0
3.81555,noisy,-1,-1,-1,0,19.4444,0,19.4444,0
3.82407,noisy,-1,-1,-1,0,19.4444,0,19.4444,0
3.8325,noisy,-1,-1,-1,0,19.4444,0,19.4444,0
3.84068,noisy,-1,-1,-1,0,19.4444,0,19.4444,0
3.84904,noisy,-1,-1,-1,0,19.4444,0,19.4444,0
3.85737,noisy,-1,-1,-1,0,19.4444,0,19.4444,0
3.86564,noisy,-1,-1,-1,0,19.4444,0,19.4444,0
3.8743,noisy,-1,-1,-1,0,19.4444,0,19.4444,0
3.88233,noisy,-1,-1,-1,0,19.4444,0,19.4444,0
3.8907,noisy,-1,-1,-1,0,19.4444,0,19.4444,0
3.899,noisy,-1,-1,-1,0,19.4444,0,19.4444,0
3.90745,noisy,-1,-1,-1,0,19.4444,0,19.4444,0
3.91564,noisy,-1,-1,-1,0,19.4444,0,19.4444,0
3.92405,noisy,-1,-1,-1,0,19.4444,0,19.4444,0
3.93563,noisy,-1,-1,-1,0,19.4444,0,19.4444,0
3.94065,noisy,-1,-1,-1,0,19.4444,0,19.4444,0
3.9491,noisy,-1,-1,-1,0,19.4444,0,19.4444,0
3.95888,noisy,-1,-1,-1,0,19.4444,0,19.4444,0
3.96594,noisy,-1,-1,-1,0,19.4444,0,19.4444,0
3.97398,noisy,-1,-1,-1,0,19.4444,0,19.4444,0
3.98349,noisy,-1,-1,-1,0,19.4444,0,19.4444,0
3.99074,noisy,-1,-1,-1,0,19.4444,0,19.4444,0
3.99909,noisy,-1,-1,-1,0,19.4444,0,19.4444,0
4.00834,noisy,-1,-1,-1,0,19.4444,0,19.4444,0
4.0157,noisy,-1,-1,-1,0,19.4444,0,19.4444,0
4.02432,noisy,-1,-1,-1,0,19.4444,0,19.4444,0
4.03326,noisy,-1,-1,-1,0,19.4444,0,19.4444,0
4.04093,noisy,-1,-1,-1,0,19.4444,0,19.4444,0
4.04902,noisy,-1,-1,-1,0,19.4444,0,19.4444,0
4.05816,noisy,-1,-1,-1,0,19.4444,0,19.4444,0
4.06581,noisy,-1,-1,-1,0,19.4444,0,19.4444,0
4.07405,noisy,-1,-1,-1,0,19.4444,0,19.4444,0
4.08386,noisy,-1,-1,-1,0,19.4444,0,19.4444,0
4.0907,noisy,-1,-1,-1,0,19.4444,0,19.4444,0
4.09917,noisy,-1,-1,-1,0,19.4444,0,19.4444,0
4.10951,noisy,-1,-1,-1,0,19.4444,0,19.4444,0
4.11572,noisy,-1,-1,-1,0,19.4444,0,19.4444,0
4.12403,noisy,-1,-1,-1,0,19.4444,0,19.4444,0
4.13436,noisy,-1,-1,-1,0,19.4444,0,19.4444,0
4.14076,noisy,-1,-1,-1,0,19.4444,0,19.4444,0
4.14913,noisy,-1,-1,-1,0,19.4444,0,19.4444,0
4.15904,noisy,-1,-1,-1,0,19.4444,0,19.4444,0
4.16567,noisy,-1,-1,-1,0,19.4444,0,19.4444,0
4.17403,noisy,-1,-1,-1,0,19.4444,0,19.4444,0
4.18403,noisy,-1,-1,-1,0,19.4444,0,19.4444,0
4.19083,noisy,-1,-1,-1,0,19.4444,0,19.4444,0
4.199,noisy,-1,-1,-1,0,19.4444,0,19.4444,0
4.20945,noisy,-1,-1,-1,0,19.4444,0,19.4444,0
4.21567,noisy,-1,-1,-1,0,19.4444,0,19.4444,0
4.22405,noisy,-1,-1,-1,0,19.4444,0,19.4444,0
4.23388,noisy,-1,-1,-1,0,19.4444,0,19.4444,0
4.24055,noisy,-1,-1,-1,0,19.4444,0,19.4444,0
4.24897,noisy,-1,-1,-1,0,19.4444,0,19.4444,0
4.25739,noisy,-1,-1,-1,0,19.4444,0,19.4444,0
4.26556,noisy,-1,-1,-1,0,19.4444,0,19.4444,0
4.27455,noisy,-1,-1,-1,0,19.4444,0,19.4444,0
4.28245,noisy,-1,-1,-1,0,19.4444,0,19.4444,0
4.29085,noisy,-1,-1,-1,0,19.4444,0,19.4444,0
4.29913,noisy,-1,-1,-1,0,19.4444,0,19.4444,0
4.30738,noisy,-1,-1,-1,0,19.4444,0,19.4444,0
4.31569,noisy,-1,-1,-1,0,19.4444,0,19.4444,0
4.32427,noisy,-1,-1,-1,0,19.4444,0,19.4444,0
4.33244,noisy,-1,-1,-1,0,19.4444,0,19.4444,0
4.34066,noisy,-1,-1,-1,0,19.4444,0,19.4444,0
4.34909,noisy,-1,-1,-1,0,19.4444,0,19.4444,0
4.35739,noisy,-1,-1,-1,0,19.4444,0,19.4444,0
4.36601,noisy,-1,-1,-1,0,19.4444,0,19.4444,0
4.37626,noisy,-1,-1,-1,0,19.4444,0,19.4444,0
4.38244,noisy,-1,-1,-1,0,19.4444,0,19.4444,0
4.39071,noisy,-1,-1,-1,0,19.4444,0,19.4444,0
4.40174,noisy,-1,-1,-1,0,19.4444,0,19.4444,0
4.40768,noisy,-1,-1,-1,0,19.4444,0,19.4444,0
4.41579,noisy,-1,-1,-1,0,19.4444,0,19.4444,0
4.42406,noisy,-1,-1,-1,0,19.4444,0,19.4444,0
4.43237,noisy,-1,-1,-1,0,19.4444,0,19.4444,0
4.44201,noisy,-1,-1,-1,0,19.4444,0,19.4444,0
4.44899,noisy,-1,-1,-1,0,19.4444,0,19.4444,0
4.45753,noisy,-1,-1,-1,0,19.4444,0,19.4444,0
4.46554,noisy,-1,-1,-1,0,19.4444,0,19.4444,0
4.47401,noisy,-1,-1,-1,0,19.4444,0,19.4444,0
4.48236,noisy,-1,-1,-1,0,19.4444,0,19.4444,0
4.49076,noisy,-1,-1,-1,0,19.4444,0,19.4444,0
4.4991,noisy,-1,-1,-1,0,19.4444,0,19.4444,0
4.50739,noisy,-1,-1,-1,0,19.4444,0,19.4444,0
4.51582,noisy,-1,-1,-1,0,19.4444,0,19.4444,0
4.52398,noisy,-1,-1,-1,0,19.4444,0,19.4444,0
4.53233,noisy,-1,-1,-1,0,19.4444,0,19.4444,0
4.54065,noisy,-1,-1,-1,0,19.4444,0,19.4444,0
4.5492,noisy,-1,-1,-1,0,19.4444,0,19.4444,0
4.55744,noisy,-1,-1,-1,0,19.4444,0,19.4444,0
4.56571,noisy,-1,-1,-1,0,19.4444,0,19.4444,0
4.57406,noisy,-1,-1,-1,0,19.4444,0,19.4444,0
4.58239,noisy,-1,-1,-1,0,19.4444,0,19.4444,0
4.59091,noisy,-1,-1,-1,0,19.4444,0,19.4444,0
4.59895,noisy,-1,-1,-1,0,19.4444,0,19.4444,0
4.6073,noisy,-1,-1,-1,0,19.4444,0,19.4444,0
4.61564,noisy,-1,-1,-1,0,19.4444,0,19.4444,0
4.62408,noisy,-1,-1,-1,0,19.4444,0,19.4444,0
4.63234,noisy,-1,-1,-1,0,19.4444,0,19.4444,0
4.64061,noisy,-1,-1,-1,0,19.4444,0,19.4444,0
4.64887,noisy,-1,-1,-1,0,19.4444,0,19.4444,0
4.65732,noisy,-1,-1,-1,0,19.4444,0,19.4444,0
4.66558,noisy,-1,-1,-1,0,19.4444,0,19.4444,0
4.67392,noisy,-1,-1,-1,0,19.4444,0,19.4444,0
4.68251,noisy,-1,-1,-1,0,19.4444,0,19.4444,0
4.6907,noisy,-1,-1,-1,0,19.4444,0,19.4444,0
4.69904,noisy,-1,-1,-1,0,19.4444,0,19.4444,0
4.70746,noisy,-1,-1,-1,0,19.4444,0,19.4444,0
4.71814,noisy,-1,-1,-1,0,19.4444,0,19.4444,0
4.7245,noisy,-1,-1,-1,0,19.4444,0,19.4444,0
4.7324,noisy,-1,-1,-1,0,19.4444,0,19.4444,0
4.7406,noisy,-1,-1,-1,0,19.4444,0,19.4444,0
4.74898,noisy,-1,-1,-1,0,19.4444,0,19.4444,0
4.75736,noisy,-1,-1,-1,0,19.4444,0,19.4444,0
4.76564,noisy,-1,-1,-1,0,19.4444,0,19.4444,0
4.77407,noisy,-1,-1,-1,0,19.4444,0,19.4444,0
4.78232,noisy,-1,-1,-1,0,19.4444,0,19.4444,0
4.79078,noisy,-1,-1,-1,0,19.4444,0,19.4444,0
4.79888,noisy,-1,-1,-1,0,19.4444,0,19.4444,0
4.80877,noisy,-1,-1,-1,0,19.4444,0,19.4444,0
4.81582,noisy,-1,-1,-1,0,19.4444,0,19.4444,0
4.82404,noisy,-1,-1,-1,0,19.4444,0,19.4444,0
4.83242,noisy,-1,-1,-1,0,19.4444,0,19.4444,0
4.84066,noisy,-1,-1,-1,0,19.4444,0,19.4444,0
4.84891,noisy,-1,-1,-1,0,19.4444,0,19.4444,0
4.85771,noisy,-1,-1,-1,0,19.4444,0,19.4444,0
4.86567,noisy,-1,-1,-1,0,19.4444,0,19.4444,0
4.87398,noisy,-1,-1,-1,0,19.4444,0,19.4444,0
4.88262,noisy,-1,-1,-1,0,19.4444,0,19.4444,0
4.89079,noisy,-1,-1,-1,0,19.4444,0,19.4444,0
4.90034,noisy,-1,-1,-1,0,19.4444,0,19.4444,0
4.90743,noisy,-1,-1,-1,0,19.4444,0,19.4444,0
4.91565,noisy,-1,-1,-1,0,19.4444,0,19.4444,0
4.92396,noisy,-1,-1,-1,0,19.4444,0,19.4444,0
4.93247,noisy,-1,-1,-1,0,19.4444,0,19.4444,0
4.94067,noisy,-1,-1,-1,0,19.4444,0,19.4444,0
4.94916,noisy,-1,-1,-1,0,19.4444,0,19.4444,0
4.95735,noisy,-1,-1,-1,0,19.4444,0,19.4444,0
4.96559,noisy,-1,-1,-1,0,19.4444,0,19.4444,0
4.97393,noisy,-1,-1,-1,0,19.4444,0,19.4444,0
4.98227,noisy,-1,-1,-1,0,19.4444,0,19.4444,0
4.99078,noisy,-1,-1,-1,0,19.4444,0,19.4444,0
4.9997,noisy,-1,-1,-1,0,19.4444,0,19.4444,0
5.00733,noisy,-1,-1,-1,0,19.4444,0,19.4444,0
5.01565,noisy,-1,-1,-1,0,19.4444,0,19.4444,0
5.02396,noisy,-1,-1,-1,0,19.4444,0,19.4444,0
5.03222,noisy,-1,-1,-1,0,19.4444,0,19.4444,0
5.04084,noisy,-1,-1,-1,0,19.4444,0,19.4444,0
5.04904,noisy,-1,-1,-1,0,19.4444,0,19.4444,0
5.05742,noisy,-1,-1,-1,0,19.4444,0,19.4444,0
5.06562,noisy,-1,-1,-1,0,19.4444,0,19.4444,0
5.07396,noisy,-1,-1,-1,0,19.4444,0,19.4444,0
5.08259,noisy,-1,-1,-1,0,19.4444,0,19.4444,0
5.09075,noisy,-1,-1,-1,0,19.4444,0,19.4444,0
5.10026,noisy,-1,-1,-1,0,19.4444,0,19.4444,0
5.10739,noisy,-1,-1,-1,0,19.4444,0,19.4444,0
5.11563,noisy,-1,-1,-1,0,19.4444,0,19.4444,0
5.12399,noisy,-1,-1,-1,0,19.4444,0,19.4444,0
5.13452,noisy,-1,-1,-1,0,19.4444,0,19.4444,0
5.14068,noisy,-1,-1,-1,0,19.4444,0,19.4444,0
5.15045,noisy,-1,-1,-1,0,19.4444,0,19.4444,0
5.15759,noisy,-1,-1,-1,0,19.4444,0,19.4444,0
5.16577,noisy,-1,-1,-1,0,19.4444,0,19.4444,0
5.17462,noisy,-1,-1,-1,0,19.4444,0,19.4444,0
5.18304,noisy,-1,-1,-1,0,19.4444,0,19.4444,0
5.19069,noisy,-1,-1,-1,0,19.4444,0,19.4444,0
5.19944,noisy,-1,-1,-1,0,19.4444,0,19.4444,0
5.20737,noisy,-1,-1,-1,0,19.4444,0,19.4444,0
5.2158,noisy,-1,-1,-1,0,19.4444,0,19.4444,0
5.22403,noisy,-1,-1,-1,0,19.4444,0,19.4444,0
5.23337,noisy,-1,-1,-1,0,19.4444,0,19.4444,0
5.2408,noisy,-1,-1,-1,0,19.4444,0,19.4444,0
5.24923,noisy,-1,-1,-1,0,19.4444,0,19.4444,0
5.25731,noisy,-1,-1,-1,0,19.4444,0,19.4444,0
5.26577,noisy,-1,-1,-1,0,19.4444,0,19.4444,0
5.27401,noisy,-1,-1,-1,0,19.4444,0,19.4444,0
5.28232,noisy,-1,-1,-1,0,19.4444,0,19.4444,0
5.29084,noisy,-1,-1,-1,0,19.4444,0,19.4444,0
5.29936,noisy,-1,-1,-1,0,19.4444,0,19.4444,0
5.30753,noisy,-1,-1,-1,0,19.4444,0,19.4444,0
5.31574,noisy,-1,-1,-1,0,19.4444,0,19.4444,0
5.32396,noisy,-1,-1,-1,0,19.4444,0,19.4444,0
5.33229,noisy,-1,-1,-1,0,19.4444,0,19.4444,0
5.34079,noisy,-1,-1,-1,0,19.4444,0,19.4444,0
5.34912,noisy,-1,-1,-1,0,19.4444,0,19.4444,0
5.35764,noisy,-1,-1,-1,0,19.4444,0,19.4444,0
5.36562,noisy,-1,-1,-1,0,19.4444,0,19.4444,0
5.37404,noisy,-1,-1,-1,0,19.4444,0,19.4444,0
5.38225,noisy,-1,-1,-1,0,19.4444,0,19.4444,0
5.39078,noisy,-1,-1,-1,0,19.4444,0,19.4444,0
5.3992,noisy,-1,-1,-1,0,19.4444,0,19.4444,0
5.40733,noisy,-1,-1,-1,0,19.4444,0,19.4444,0
5.41562,noisy,-1,-1,-1,0,19.4444,0,19.4444,0
5.42392,noisy,-1,-1,-1,0,19.4444,0,19.4444,0
5.43237,noisy,-1,-1,-1,0,19.4444,0,19.4444,0
5.44102,noisy,-1,-1,-1,0,19.4444,0,19.4444,0
5.44919,noisy,-1,-1,-1,0,19.4444,0,19.4444,0
5.45725,noisy,-1,-1,-1,0,19.4444,0,19.4444,0
5.46585,noisy,-1,-1,-1,0,19.4444,0,19.4444,0
5.47398,noisy,-1,-1,-1,0,19.4444,0,19.4444,0
5.4823,noisy,-1,-1,-1,0,19.4444,0,19.4444,0
5.49084,noisy,-1,-1,-1,0,19.4444,0,19.4444,0
5.49943,noisy,-1,-1,-1,0,19.4444,0,19.4444,0
5.50729,noisy,-1,-1,-1,0,19.4444,0,19.4444,0
5.51597,noisy,-1,-1,-1,0,19.4444,0,19.4444,0
5.52391,noisy,-1,-1,-1,0,19.4444,0,19.4444,0
5.53251,noisy,-1,-1,-1,0,19.4444,0,19.4444,0
5.54054,noisy,-1,-1,-1,0,19.4444,0,19.4444,0
5.54901,noisy,-1,-1,-1,0,19.4444,0,19.4444,0
5.55956,noisy,-1,-1,-1,0,19.4444,0,19.4444,0
5.56571,noisy,-1,-1,-1,0,19.4444,0,19.4444,0
5.57414,noisy,-1,-1,-1,0,19.4444,0,19.4444,0
5.58239,noisy,-1,-1,-1,0,19.4444,0,19.4444,0
5.59075,noisy,-1,-1,-1,0,19.4444,0,19.4444,0
5.59956,noisy,-1,-1,-1,0,19.4444,0,19.4444,0
5.60727,noisy,-1,-1,-1,0,19.4444,0,19.4444,0
5.61573,noisy,-1,-1,-1,0,19.4444,0,19.4444,0
5.62529,noisy,-1,-1,-1,0,19.4444,0,19.4444,0
5.63227,noisy,-1,-1,-1,0,19.4444,0,19.4444,0
5.6407,noisy,-1,-1,-1,0,19.4444,0,19.4444,0
5.64905,noisy,-1,-1,-1,0,19.4444,0,19.4444,0
5.65871,noisy,-1,-1,-1,0,19.4444,0,19.4444,0
5.66562,noisy,-1,-1,-1,0,19.4444,0,19.4444,0
5.67397,noisy,-1,-1,-1,0,19.4444,0,19.4444,0
5.68235,noisy,-1,-1,-1,0,19.4444,0,19.4444,0
5.69075,noisy,-1,-1,-1,0,19.4444,0,19.4444,0
5.69895,noisy,-1,-1,-1,0,19.4444,0,19.4444,0
5.70741,noisy,-1,-1,-1,0,19.4444,0,19.4444,0
5.71633,noisy,-1,-1,-1,0,19.4444,0,19.4444,0
5.72394,noisy,-1,-1,-1,0,19.4444,0,19.4444,0
5.73233,noisy,-1,-1,-1,0,19.4444,0,19.4444,0
5.74072,noisy,-1,-1,-1,0,19.4444,0,19.4444,0
5.74896,noisy,-1,-1,-1,0,19.4444,0,19.4444,0
5.75728,noisy,-1,-1,-1,0,19.4444,0,19.4444,0
5.76562,noisy,-1,-1,-1,0,19.4444,0,19.4444,0
5.77431,noisy,-1,-1,-1,0,19.4444,0,19.4444,0
5.78237,noisy,-1,-1,-1,0,19.4444,0,19.4444,0
5.79099,noisy,-1,-1,-1,0,19.4444,0,19.4444,0
5.79886,noisy,-1,-1,-1,0,19.4444,0,19.4444,0
5.80805,noisy,-1,-1,-1,0,19.4444,0,19.4444,0
5.81551,noisy,-1,-1,-1,0,19.4444,0,19.4444,0
5.82459,noisy,-1,-1,-1,0,19.4444,0,19.4444,0
5.83222,noisy,-1,-1,-1,0,19.4444,0,19.4444,0
5.84064,noisy,-1,-1,-1,0,19.4444,0,19.4444,0
5.84909,noisy,-1,-1,-1,0,19.4444,0,19.4444,0
5.85733,noisy,-1,-1,-1,0,19.4444,0,19.4444,0
5.86571,noisy,-1,-1,-1,0,19.4444,0,19.4444,0
5.87398,noisy,-1,-1,-1,0,19.4444,0,19.4444,0
5.88236,noisy,-1,-1,-1,0,19.4444,0,19.4444,0
5.89158,noisy,-1,-1,-1,0,19.4444,0,19.4444,0
5.8989,noisy,-1,-1,-1,0,19.4444,0,19.4444,0
5.90726,noisy,-1,-1,-1,0,19.4444,0,19.4444,0
5.91562,noisy,-1,-1,-1,0,19.4444,0,19.4444,0
5.92595,noisy,-1,-1,-1,0,19.4444,0,19.4444,0
5.93223,noisy,-1,-1,-1,0,19.4444,0,19.4444,0
5.94067,noisy,-1,-1,-1,0,19.4444,0,19.4444,0
5.94897,noisy,-1,-1,-1,0,19.4444,0,19.4444,0
5.95734,noisy,-1,-1,-1,0,19.4444,0,19.4444,0
5.96573,noisy,-1,-1,-1,0,19.4444,0,19.4444,0
5.97407,noisy,-1,-1,-1,0,19.4444,0,19.4444,0
5.98367,noisy,-1,-1,-1,0,19.4444,0,19.4444,0
5.99067,noisy,-1,-1,-1,0,19.4444,0,19.4444,0
5.99903,noisy,-1,-1,-1,0,19.4444,0,19.4444,0
6.00736,noisy,-1,-1,-1,0,19.4444,0,19.4444,0
6.01576,noisy,-1,-1,-1,0,19.4444,0,19.4444,0
6.02394,noisy,-1,-1,-1,0,19.4444,0,19.4444,0
6.0323,noisy,-1,-1,-1,0,19.4444,0,19.4444,0
6.04082,noisy,-1,-1,-1,0,19.4444,0,19.4444,0
6.04899,noisy,-1,-1,-1,0,19.4444,0,19.4444,0
6.05737,noisy,-1,-1,-1,0,19.4444,0,19.4444,0
6.0697,noisy,-1,-1,-1,0,19.4444,0,19.4444,0
6.0739,noisy,-1,-1,-1,0,19.4444,0,19.4444,0
6.08224,noisy,-1,-1,-1,0,19.4444,0,19.4444,0
6.09075,noisy,-1,-1,-1,0,19.4444,0,19.4444,0
6.09903,noisy,-1,-1,-1,0,19.4444,0,19.4444,0
6.10731,noisy,-1,-1,-1,0,19.4444,0,19.4444,0
6.11592,noisy,-1,-1,-1,0,19.4444,0,19.4444,0
6.12411,noisy,-1,-1,-1,0,19.4444,0,19.4444,0
6.13237,noisy,-1,-1,-1,0,19.4444,0,19.4444,0
6.14079,noisy,-1,-1,-1,0,19.4444,0,19.4444,0
6.1492,noisy,-1,-1,-1,0,19.4444,0,19.4444,0
6.15736,noisy,-1,-1,-1,0,19.4444,0,19.4444,0
6.1657,noisy,-1,-1,-1,0,19.4444,0,19.4444,0
6.17394,noisy,-1,-1,-1,0,19.4444,0,19.4444,0
6.18228,noisy,-1,-1,-1,0,19.4444,0,19.4444,0
6.19067,noisy,-1,-1,-1,0,19.4444,0,19.4444,0
6.19901,noisy,-1,-1,-1,0,19.4444,0,19.4444,0
6.20729,noisy,-1,-1,-1,0,19.4444,0,19.4444,0
6.21564,noisy,-1,-1,-1,0,19.4444,0,19.4444,0
6.22404,noisy,-1,-1,-1,0,19.4444,0,19.4444,0
6.23232,noisy,-1,-1,-1,0,19.4444,0,19.4444,0
6.24059,noisy,-1,-1,-1,0,19.4444,0,19.4444,0
6.24893,noisy,-1,-1,-1,0,19.4444,0,19.4444,0
6.2573,noisy,-1,-1,-1,0,19.4444,0,19.4444,0
6.26564,noisy,-1,-1,-1,0,19.4444,0,19.4444,0
6.27387,noisy,-1,-1,-1,0,19.4444,0,19.4444,0
6.28221,noisy,-1,-1,-1,0,19.4444,0,19.4444,0
6.29061,noisy,-1,-1,-1,0,19.4444,0,19.4444,0
6.29898,noisy,-1,-1,-1,0,19.4444,0,19.4444,0
6.30728,noisy,-1,-1,-1,0,19.4444,0,19.4444,0
6.31563,noisy,-1,-1,-1,0,19.4444,0,19.4444,0
6.32589,noisy,-1,-1,-1,0,19.4444,0,19.4444,0
6.33219,noisy,-1,-1,-1,0,19.4444,0,19.4444,0
6.34066,noisy,-1,-1,-1,0,19.4444,0,19.4444,0
6.34889,noisy,-1,-1,-1,0,19.4444,0,19.4444,0
6.35736,noisy,-1,-1,-1,0,19.4444,0,19.4444,0
6.36559,noisy,-1,-1,-1,0,19.4444,0,19.4444,0
6.37394,noisy,-1,-1,-1,0,19.4444,0,19.4444,0
6.38239,noisy,-1,-1,-1,0,19.4444,0,19.4444,0
6.39077,noisy,-1,-1,-1,0,19.4444,0,19.4444,0
6.39889,noisy,-1,-1,-1,0,19.4444,0,19.4444,0
6.40728,noisy,-1,-1,-1,0,19.4444,0,19.4444,0
6.41551,noisy,-1,-1,-1,0,19.4444,0,19.4444,0
6.42594,noisy,-1,-1,-1,0,19.4444,0,19.4444,0
6.4323,noisy,-1,-1,-1,0,19.4444,0,19.4444,0
6.44069,noisy,-1,-1,-1,0,19.4444,0,19.4444,0
6.4489,noisy,-1,-1,-1,0,19.4444,0,19.4444,0
6.45937,noisy,-1,-1,-1,0,19.4444,0,19.4444,0
6.46575,noisy,-1,-1,-1,0,19.4444,0,19.4444,0
6.47397,noisy,-1,-1,-1,0,19.4444,0,19.4444,0
6.48228,noisy,-1,-1,-1,0,19.4444,0,19.4444,0
6.49074,noisy,-1,-1,-1,0,19.4444,0,19.4444,0
6.49896,noisy,-1,-1,-1,0,19.4444,0,19.4444,0
6.50734,noisy,-1,-1,-1,0,19.4444,0,19.4444,0
6.51567,noisy,-1,-1,-1,0,19.4444,0,19.4444,0
6.52398,noisy,-1,-1,-1,0,19.4444,0,19.4444,0
6.53234,noisy,-1,-1,-1,0,19.4444,0,19.4444,0
6.54066,noisy,-1,-1,-1,0,19.4444,0,19.4444,0
6.54891,noisy,-1,-1,-1,0,19.4444,0,19.4444,0
6.55739,noisy,-1,-1,-1,0,19.4444,0,19.4444,0
6.56565,noisy,-1,-1,-1,0,19.4444,0,19.4444,0
6.57394,noisy,-1,-1,-1,0,19.4444,0,19.4444,0
6.5823,noisy,-1,-1,-1,0,19.4444,0,19.4444,0
6.59067,noisy,-1,-1,-1,0,19.4444,0,19.4444,0
6.59896,noisy,-1,-1,-1,0,19.4444,0,19.4444,0
6.60726,noisy,-1,-1,-1,0,19.4444,0,19.4444,0
6.61564,noisy,-1,-1,-1,0,19.4444,0,19.4444,0
6.62641,noisy,-1,-1,-1,0,19.4444,0,19.4444,0
6.6322,noisy,-1,-1,-1,0,19.4444,0,19.4444,0
6.6406,noisy,-1,-1,-1,0,19.4444,0,19.4444,0
6.649,noisy,-1,-1,-1,0,19.4444,0,19.4444,0
6.65919,noisy,-1,-1,-1,0,19.4444,0,19.4444,0
6.66553,noisy,-1,-1,-1,0,19.4444,0,19.4444,0
6.67393,noisy,-1,-1,-1,0,19.4444,0,19.4444,0
6.68225,noisy,-1,-1,-1,0,19.4444,0,19.4444,0
6.69064,noisy,-1,-1,-1,0,19.4444,0,19.4444,0
6.69896,noisy,-1,-1,-1,0,19.4444,0,19.4444,0
6.70738,noisy,-1,-1,-1,0,19.4444,0,19.4444,0
6.71564,noisy,-1,-1,-1,0,19.4444,0,19.4444,0
6.72548,noisy,-1,-1,-1,0,19.4444,0,19.4444,0
6.73224,noisy,-1,-1,-1,0,19.4444,0,19.4444,0
6.74068,noisy,-1,-1,-1,0,19.4444,0,19.4444,0
6.74901,noisy,-1,-1,-1,0,19.4444,0,19.4444,0
6.75737,noisy,-1,-1,-1,0,19.4444,0,19.4444,0
6.76557,noisy,-1,-1,-1,0,19.4444,0,19.4444,0
6.77405,noisy,-1,-1,-1,0,19.4444,0,19.4444,0
6.78233,noisy,-1,-1,-1,0,19.4444,0,19.4444,0
6.79076,noisy,-1,-1,-1,0,19.4444,0,19.4444,0
6.79885,noisy,-1,-1,-1,0,19.4444,0,19.4444,0
6.80743,noisy,-1,-1,-1,0,19.4444,0,19.4444,0
6.81574,noisy,-1,-1,-1,0,19.4444,0,19.4444,0
6.82398,noisy,-1,-1,-1,0,19.4444,0,19.4444,0
6.8322,noisy,-1,-1,-1,0,19.4444,0,19.4444,0
6.84071,noisy,-1,-1,-1,0,19.4444,0,19.4444,0
6.84899,noisy,-1,-1,-1,0,19.4444,0,19.4444,0
6.85737,noisy,-1,-1,-1,0,19.4444,0,19.4444,0
6.86561,noisy,-1,-1,-1,0,19.4444,0,19.4444,0
6.87395,noisy,-1,-1,-1,0,19.4444,0,19.4444,0
6.88232,noisy,-1,-1,-1,0,19.4444,0,19.4444,0
6.89068,noisy,-1,-1,-1,0,19.4444,0,19.4444,0
6.89894,noisy,-1,-1,-1,0,19.4444,0,19.4444,0
6.90728,noisy,-1,-1,-1,0,19.4444,0,19.4444,0
6.91581,noisy,-1,-1,-1,0,19.4444,0,19.4444,0
6.92398,noisy,-1,-1,-1,0,19.4444,0,19.4444,0
6.93506,noisy,-1,-1,-1,0,19.4444,0,19.4444,0
6.94099,noisy,-1,-1,-1,0,19.4444,0,19.4444,0
6.95117,noisy,-1,-1,-1,0,19.4444,0,19.4444,0
6.95719,noisy,-1,-1,-1,0,19.4444,0,19.4444,0
6.96666,noisy,-1,-1,-1,0,19.4444,0,19.4444,0
6.97386,noisy,-1,-1,-1,0,19.4444,0,19.4444,0
6.98229,noisy,-1,-1,-1,0,19.4444,0,19.4444,0
6.99302,noisy,-1,-1,-1,0,19.4444,0,19.4444,0
6.99887,noisy,-1,-1,-1,0,19.4444,0,19.4444,0
7.00852,noisy,-1,-1,-1,0,19.4444,0,19.4444,0
7.01557,noisy,-1,-1,-1,0,19.4444,0,19.4444,0
7.02395,noisy,-1,-1,-1,0,19.4444,0,19.4444,0
7.03291,noisy,-1,-1,-1,0,19.4444,0,19.4444,0
7.0407,noisy,-1,-1,-1,0,19.4444,0,19.4444,0
7.04901,noisy,-1,-1,-1,0,19.4444,0,19.4444,0
7.05733,noisy,-1,-1,-1,0,19.4444,0,19.4444,0
7.06564,noisy,-1,-1,-1,0,19.4444,0,19.4444,0
7.07405,noisy,-1,-1,-1,0,19.4444,0,19.4444,0
7.08275,noisy,-1,-1,-1,0,19.4444,0,19.4444,0
7.09076,noisy,-1,-1,-1,0,19.4444,0,19.4444,0
7.09893,noisy,-1,-1,-1,0,19.4444,0,19.4444,0
7.10939,noisy,-1,-1,-1,0,19.4444,0,19.4444,0
7.11553,noisy,-1,-1,-1,0,19.4444,0,19.4444,0
7.12396,noisy,-1,-1,-1,0,19.4444,0,19.4444,0
7.13549,noisy,-1,-1,-1,0,19.4444,0,19.4444,0
7.14051,noisy,-1,-1,-1,0,19.4444,0,19.4444,0
7.14906,noisy,-1,-1,-1,0,19.4444,0,19.4444,0
7.15777,noisy,-1,-1,-1,0,19.4444,0,19.4444,0
7.16558,noisy,-1,-1,-1,0,19.4444,0,19.4444,0
7.17403,noisy,-1,-1,-1,0,19.4444,0,19.4444,0
7.18323,noisy,-1,-1,-1,0,19.4444,0,19.4444,0
7.19068,noisy,-1,-1,-1,0,19.4444,0,19.4444,0
7.19901,noisy,-1,-1,-1,0,19.4444,0,19.4444,0
7.20729,noisy,-1,-1,-1,0,19.4444,0,19.4444,0
7.2156,noisy,-1,-1,-1,0,19.4444,0,19.4444,0
7.22408,noisy,-1,-1,-1,0,19.4444,0,19.4444,0
7.2331,noisy,-1,-1,-1,0,19.4444,0,19.4444,0
7.2407,noisy,-1,-1,-1,0,19.4444,0,19.4444,0
7.24901,noisy,-1,-1,-1,0,19.4444,0,19.4444,0
7.25733,noisy,-1,-1,-1,0,19.4444,0,19.4444,0
7.26562,noisy,-1,-1,-1,0,19.4444,0,19.4444,0
7.27395,noisy,-1,-1,-1,0,19.4444,0,19.4444,0
7.28247,noisy,-1,-1,-1,0,19.4444,0,19.4444,0
7.29056,noisy,-1,-1,-1,0,19.4444,0,19.4444,0
7.29904,noisy,-1,-1,-1,0,19.4444,0,19.4444,0
7.30892,noisy,-1,-1,-1,0,19.4444,0,19.4444,0
7.3157,noisy,-1,-1,-1,0,19.4444,0,19.4444,0
7.32398,noisy,-1,-1,-1,0,19.4444,0,19.4444,0
7.33228,noisy,-1,-1,-1,0,19.4444,0,19.4444,0
7.34073,noisy,-1,-1,-1,0,19.4444,0,19.4444,0
7.34899,noisy,-1,-1,-1,0,19.4444,0,19.4444,0
7.35756,noisy,-1,-1,-1,0,19.4444,0,19.4444,0
7.36575,noisy,-1,-1,-1,0,19.4444,0,19.4444,0
7.37404,noisy,-1,-1,-1,0,19.4444,0,19.4444,0
7.38242,noisy,-1,-1,-1,0,19.4444,0,19.4444,0
7.39068,noisy,-1,-1,-1,0,19.4444,0,19.4444,0
7.39888,noisy,-1,-1,-1,0,19.4444,0,19.4444,0
7.40737,noisy,-1,-1,-1,0,19.4444,0,19.4444,0
7.41584,noisy,-1,-1,-1,0,19.4444,0,19.4444,0
7.42396,noisy,-1,-1,-1,0,19.4444,0,19.4444,0
7.43237,noisy,-1,-1,-1,0,19.4444,0,19.4444,0
7.44183,noisy,-1,-1,-1,0,19.4444,0,19.4444,0
7.44886,noisy,-1,-1,-1,0,19.4444,0,19.4444,0
7.45727,noisy,-1,-1,-1,0,19.4444,0,19.4444,0
7.46578,noisy,-1,-1,-1,0,19.4444,0,19.4444,0
7.47405,noisy,-1,-1,-1,0,19.4444,0,19.4444,0
7.4823,noisy,-1,-1,-1,0,19.4444,0,19.4444,0
7.49073,noisy,-1,-1,-1,0,19.4444,0,19.4444,0
7.49905,noisy,-1,-1,-1,0,19.4444,0,19.4444,0
7.50729,noisy,-1,-1,-1,0,19.4444,0,19.4444,0
7.51577,noisy,-1,-1,-1,0,19.4444,0,19.4444,0
7.52397,noisy,-1,-1,-1,0,19.4444,0,19.4444,0
7.5323,noisy,-1,-1,-1,0,19.4444,0,19.4444,0
7.54061,noisy,-1,-1,-1,0,19.4444,0,19.4444,0
7.54903,noisy,-1,-1,-1,0,19.4444,0,19.4444,0
7.55756,noisy,-1,-1,-1,0,19.4444,0,19.4444,0
7.56588,noisy,-1,-1,-1,0,19.4444,0,19.4444,0
7.5742,noisy,-1,-1,-1,0,19.4444,0,19.4444,0
7.58239,noisy,-1,-1,-1,0,19.4444,0,19.4444,0
7.59059,noisy,-1,-1,-1,0,19.4444,0,19.4444,0
7.59896,noisy,-1,-1,-1,0,19.4444,0,19.4444,0
7.60871,noisy,-1,-1,-1,0,19.4444,0,19.4444,0
7.61569,noisy,-1,-1,-1,0,19.4444,0,19.4444,0
7.62404,noisy,-1,-1,-1,0,19.4444,0,19.4444,0
7.63232,noisy,-1,-1,-1,0,19.4444,0,19.4444,0
7.64066,noisy,-1,-1,-1,0,19.4444,0,19.4444,0
7.64923,noisy,-1,-1,-1,0,19.4444,0,19.4444,0
7.65739,noisy,-1,-1,-1,0,19.4444,0,19.4444,0
7.66569,noisy,-1,-1,-1,0,19.4444,0,19.4444,0
7.67405,noisy,-1,-1,-1,0,19.4444,0,19.4444,0
7.68231,noisy,-1,-1,-1,0,19.4444,0,19.4444,0
7.69074,noisy,-1,-1,-1,0,19.4444,0,19.4444,0
7.69896,noisy,-1,-1,-1,0,19.4444,0,19.4444,0
7.70733,noisy,-1,-1,-1,0,19.4444,0,19.4444,0
7.71577,noisy,-1,-1,-1,0,19.4444,0,19.4444,0
7.72404,noisy,-1,-1,-1,0,19.4444,0,19.4444,0
7.7339,noisy,-1,-1,-1,0,19.4444,0,19.4444,0
7.74062,noisy,-1,-1,-1,0,19.4444,0,19.4444,0
7.74897,noisy,-1,-1,-1,0,19.4444,0,19.4444,0
7.75742,noisy,-1,-1,-1,0,19.4444,0,19.4444,0
7.76561,noisy,-1,-1,-1,0,19.4444,0,19.4444,0
7.77407,noisy,-1,-1,-1,0,19.4444,0,19.4444,0
7.78273,noisy,-1,-1,-1,0,19.4444,0,19.4444,0
7.79081,noisy,-1,-1,-1,0,19.4444,0,19.4444,0
7.799,noisy,-1,-1,-1,0,19.4444,0,19.4444,0
7.80731,noisy,-1,-1,-1,0,19.4444,0,19.4444,0
7.81568,noisy,-1,-1,-1,0,19.4444,0,19.4444,0
7.82397,noisy,-1,-1,-1,0,19.4444,0,19.4444,0
7.83233,noisy,-1,-1,-1,0,19.4444,0,19.4444,0
7.84101,noisy,-1,-1,-1,0,19.4444,0,19.4444,0
7.84905,noisy,-1,-1,-1,0,19.4444,0,19.4444,0
7.85728,noisy,-1,-1,-1,0,19.4444,0,19.4444,0
7.86576,noisy,-1,-1,-1,0,19.4444,0,19.4444,0
7.87393,noisy,-1,-1,-1,0,19.4444,0,19.4444,0
7.88232,noisy,-1,-1,-1,0,19.4444,0,19.4444,0
7.89065,noisy,-1,-1,-1,0,19.4444,0,19.4444,0
7.899,noisy,-1,-1,-1,0,19.4444,0,19.4444,0
7.90847,noisy,-1,-1,-1,0,19.4444,0,19.4444,0
7.91567,noisy,-1,-1,-1,0,19.4444,0,19.4444,0
7.92407,noisy,-1,-1,-1,0,19.4444,0,19.4444,0
7.93257,noisy,-1,-1,-1,0,19.4444,0,19.4444,0
7.94068,noisy,-1,-1,-1,0,19.4444,0,19.4444,0
7.94898,noisy,-1,-1,-1,0,19.4444,0,19.4444,0
7.95734,noisy,-1,-1,-1,0,19.4444,0,19.4444,0
7.96739,noisy,-1,-1,-1,0,19.4444,0,19.4444,0
7.97392,noisy,-1,-1,-1,0,19.4444,0,19.4444,0
7.98238,noisy,-1,-1,-1,0,19.4444,0,19.4444,0
7.99065,noisy,-1,-1,-1,0,19.4444,0,19.4444,0
7.999,noisy,-1,-1,-1,0,19.4444,0,19.4444,0
8.0073,noisy,-1,-1,-1,0,19.4444,0,19.4444,0
8.01565,noisy,-1,-1,-1,0,19.4444,0,19.4444,0
8.02404,noisy,-1,-1,-1,0,19.4444,0,19.4444,0
8.03229,noisy,-1,-1,-1,0,19.4444,0,19.4444,0
8.04073,noisy,-1,-1,-1,0,19.4444,0,19.4444,0
8.04897,noisy,-1,-1,-1,0,19.4444,0,19.4444,0
8.05737,noisy,-1,-1,-1,0,19.4444,0,19.4444,0
8.0657,noisy,-1,-1,-1,0,19.4444,0,19.4444,0
8.07456,noisy,-1,-1,-1,0,19.4444,0,19.4444,0
8.08233,noisy,-1,-1,-1,0,19.4444,0,19.4444,0
8.09083,noisy,-1,-1,-1,0,19.4444,0,19.4444,0
8.09902,noisy,-1,-1,-1,0,19.4444,0,19.4444,0
8.10735,noisy,-1,-1,-1,0,19.4444,0,19.4444,0
8.11565,noisy,-1,-1,-1,0,19.4444,0,19.4444,0
8.12892,noisy,-1,-1,-1,0,19.4444,0,19.4444,0
8.13216,noisy,-1,-1,-1,0,19.4444,0,19.4444,0
8.1407,noisy,-1,-1,-1,0,19.4444,0,19.4444,0
8.14907,noisy,-1,-1,-1,0,19.4444,0,19.4444,0
8.15739,noisy,-1,-1,-1,0,19.4444,0,19.4444,0
8.16572,noisy,-1,-1,-1,0,19.4444,0,19.4444,0
8.17405,noisy,-1,-1,-1,0,19.4444,0,19.4444,0
8.18273,noisy,-1,-1,-1,0,19.4444,0,19.4444,0
8.19103,noisy,-1,-1,-1,0,19.4444,0,19.4444,0
8.19893,noisy,-1,-1,-1,0,19.4444,0,19.4444,0
8.20736,noisy,-1,-1,-1,0,19.4444,0,19.4444,0
8.21599,noisy,-1,-1,-1,0,19.4444,0,19.4444,0
8.22394,noisy,-1,-1,-1,0,19.4444,0,19.4444,0
8.23222,noisy,-1,-1,-1,0,19.4444,0,19.4444,0
8.24056,noisy,-1,-1,-1,0,19.4444,0,19.4444,0
8.24896,noisy,-1,-1,-1,0,19.4444,0,19.4444,0
8.25728,noisy,-1,-1,-1,0,19.4444,0,19.4444,0
8.26565,noisy,-1,-1,-1,0,19.4444,0,19.4444,0
8.27398,noisy,-1,-1,-1,0,19.4444,0,19.4444,0
8.28219,noisy,-1,-1,-1,0,19.4444,0,19.4444,0
8.29046,noisy,-1,-1,-1,0,19.4444,0,19.4444,0
8.29878,noisy,-1,-1,-1,0,19.4444,0,19.4444,0
8.30718,noisy,-1,-1,-1,0,19.4444,0,19.4444,0
8.31554,noisy,-1,-1,-1,0,19.4444,0,19.4444,0
8.32385,noisy,-1,-1,-1,0,19.4444,0,19.4444,0
8.33212,noisy,-1,-1,-1,0,19.4444,0,19.4444,0
8.34046,noisy,-1,-1,-1,0,19.4444,0,19.4444,0
8.34914,noisy,-1,-1,-1,0,19.4444,0,19.4444,0
8.35742,noisy,-1,-1,-1,0,19.4444,0,19.4444,0
8.36555,noisy,-1,-1,-1,0,19.4444,0,19.4444,0
8.37403,noisy,-1,-1,-1,0,19.4444,0,19.4444,0
8.38221,noisy,-1,-1,-1,0,19.4444,0,19.4444,0
8.39044,noisy,-1,-1,-1,0,19.4444,0,19.4444,0
8.39891,noisy,-1,-1,-1,0,19.4444,0,19.4444,0
8.4075,noisy,-1,-1,-1,0,19.4444,0,19.4444,0
8.41552,noisy,-1,-1,-1,0,19.4444,0,19.4444,0
8.42382,noisy,-1,-1,-1,0,19.4444,0,19.4444,0
8.43209,noisy,-1,-1,-1,0,19.4444,0,19.4444,0
8.44044,noisy,-1,-1,-1,0,19.4444,0,19.4444,0
8.44881,noisy,-1,-1,-1,0,19.4444,0,19.4444,0
8.45721,noisy,-1,-1,-1,0,19.4444,0,19.4444,0
8.46569,noisy,-1,-1,-1,0,19.4444,0,19.4444,0
8.47388,noisy,-1,-1,-1,0,19.4444,0,19.4444,0
8.48212,noisy,-1,-1,-1,0,19.4444,0,19.4444,0
8.49061,noisy,-1,-1,-1,0,19.4444,0,19.4444,0
8.49889,noisy,-1,-1,-1,0,19.4444,0,19.4444,0
8.50743,noisy,-1,-1,-1,0,19.4444,0,19.4444,0
8.51576,noisy,-1,-1,-1,0,19.4444,0,19.4444,0
8.52384,noisy,-1,-1,-1,0,19.4444,0,19.4444,0
8.53218,noisy,-1,-1,-1,0,19.4444,0,19.4444,0
8.54045,noisy,-1,-1,-1,0,19.4444,0,19.4444,0
8.54887,noisy,-1,-1,-1,0,19.4444,0,19.4444,0
8.55723,noisy,-1,-1,-1,0,19.4444,0,19.4444,0
8.56564,noisy,-1,-1,-1,0,19.4444,0,19.4444,0
8.5739,noisy,-1,-1,-1,0,19.4444,0,19.4444,0
8.58229,noisy,-1,-1,-1,0,19.4444,0,19.4444,0
8.59076,noisy,-1,-1,-1,0,19.4444,0,19.4444,0
8.59897,noisy,-1,-1,-1,0,19.4444,0,19.4444,0
8.60736,noisy,-1,-1,-1,0,19.4444,0,19.4444,0
8.61591,noisy,-1,-1,-1,0,19.4444,0,19.4444,0
8.62379,noisy,-1,-1,-1,0,19.4444,0,19.4444,0
8.63244,noisy,-1,-1,-1,0,19.4444,0,19.4444,0
8.64065,noisy,-1,-1,-1,0,19.4444,0,19.4444,0
8.64892,noisy,-1,-1,-1,0,19.4444,0,19.4444,0
8.6572,noisy,-1,-1,-1,0,19.4444,0,19.4444,0
8.66573,noisy,-1,-1,-1,0,19.4444,0,19.4444,0
8.67405,noisy,-1,-1,-1,0,19.4444,0,19.4444,0
8.68236,noisy,-1,-1,-1,0,19.4444,0,19.4444,0
8.69063,noisy,-1,-1,-1,0,19.4444,0,19.4444,0
8.69895,noisy,-1,-1,-1,0,19.4444,0,19.4444,0
8.70723,noisy,-1,-1,-1,0,19.4444,0,19.4444,0
8.71567,noisy,-1,-1,-1,0,19.4444,0,19.4444,0
8.72401,noisy,-1,-1,-1,0,19.4444,0,19.4444,0
8.73234,noisy,-1,-1,-1,0,19.4444,0,19.4444,0
8.74066,noisy,-1,-1,-1,0,19.4444,0,19.4444,0
8.74897,noisy,-1,-1,-1,0,19.4444,0,19.4444,0
8.75733,noisy,-1,-1,-1,0,19.4444,0,19.4444,0
8.76569,noisy,-1,-1,-1,0,19.4444,0,19.4444,0
8.77397,noisy,-1,-1,-1,0,19.4444,0,19.4444,0
8.78246,noisy,-1,-1,-1,0,19.4444,0,19.4444,0
8.79087,noisy,-1,-1,-1,0,19.4444,0,19.4444,0
8.79896,noisy,-1,-1,-1,0,19.4444,0,19.4444,0
8.80736,noisy,-1,-1,-1,0,19.4444,0,19.4444,0
8.8157,noisy,-1,-1,-1,0,19.4444,0,19.4444,0
8.82408,noisy,-1,-1,-1,0,19.4444,0,19.4444,0
8.83236,noisy,-1,-1,-1,0,19.4444,0,19.4444,0
8.84064,noisy,-1,-1,-1,0,19.4444,0,19.4444,0
8.84919,noisy,-1,-1,-1,0,19.4444,0,19.4444,0
8.85745,noisy,-1,-1,-1,0,19.4444,0,19.4444,0
8.86564,noisy,-1,-1,-1,0,19.4444,0,19.4444,0
8.87403,noisy,-1,-1,-1,0,19.4444,0,19.4444,0
8.88237,noisy,-1,-1,-1,0,19.4444,0,19.4444,0
8.89059,noisy,-1,-1,-1,0,19.4444,0,19.4444,0
8.89886,noisy,-1,-1,-1,0,19.4444,0,19.4444,0
8.90732,noisy,-1,-1,-1,0,19.4444,0,19.4444,0
8.91565,noisy,-1,-1,-1,0,19.4444,0,19.4444,0
8.92407,noisy,-1,-1,-1,0,19.4444,0,19.4444,0
8.93234,noisy,-1,-1,-1,0,19.4444,0,19.4444,0
8.94076,noisy,-1,-1,-1,0,19.4444,0,19.4444,0
8.94899,noisy,-1,-1,-1,0,19.4444,0,19.4444,0
8.95743,noisy,-1,-1,-1,0,19.4444,0,19.4444,0
8.96571,noisy,-1,-1,-1,0,19.4444,0,19.4444,0
8.97405,noisy,-1,-1,-1,0,19.4444,0,19.4444,0
8.98239,noisy,-1,-1,-1,0,19.4444,0,19.4444,0
8.99058,noisy,-1,-1,-1,0,19.4444,0,19.4444,0
8.99912,noisy,-1,-1,-1,0,19.4444,0,19.4444,0
9.00733,noisy,-1,-1,-1,0,19.4444,0,19.4444,0
9.01572,noisy,-1,-1,-1,0,19.4444,0,19.4444,0
9.0241,noisy,-1,-1,-1,0,19.4444,0,19.4444,0
9.03234,noisy,-1,-1,-1,0,19.4444,0,19.4444,0
9.04053,noisy,-1,-1,-1,0,19.4444,0,19.4444,0
9.04895,noisy,-1,-1,-1,0,19.4444,0,19.4444,0
9.05738,noisy,-1,-1,-1,0,19.4444,0,19.4444,0
9.06579,noisy,-1,-1,-1,0,19.4444,0,19.4444,0
9.07393,noisy,-1,-1,-1,0,19.4444,0,19.4444,0
9.08231,noisy,-1,-1,-1,0,19.4444,0,19.4444,0
9.09061,noisy,-1,-1,-1,0,19.4444,0,19.4444,0
9.09888,noisy,-1,-1,-1,0,19.4444,0,19.4444,0
9.10723,noisy,-1,-1,-1,0,19.4444,0,19.4444,0
9.11565,noisy,-1,-1,-1,0,19.4444,0,19.4444,0
9.12422,noisy,-1,-1,-1,0,19.4444,0,19.4444,0
9.13231,noisy,-1,-1,-1,0,19.4444,0,19.4444,0
9.14055,noisy,-1,-1,-1,0,19.4444,0,19.4444,0
9.14892,noisy,-1,-1,-1,0,19.4444,0,19.4444,0
9.1572,noisy,-1,-1,-1,0,19.4444,0,19.4444,0
9.16558,noisy,-1,-1,-1,0,19.4444,0,19.4444,0
9.17417,noisy,-1,-1,-1,0,19.4444,0,19.4444,0
9.18229,noisy,-1,-1,-1,0,19.4444,0,19.4444,0
9.19065,noisy,-1,-1,-1,0,19.4444,0,19.4444,0
9.19894,noisy,-1,-1,-1,0,19.4444,0,19.4444,0
9.2072,noisy,-1,-1,-1,0,19.4444,0,19.4444,0
9.21556,noisy,-1,-1,-1,0,19.4444,0,19.4444,0
9.22417,noisy,-1,-1,-1,0,19.4444,0,19.4444,0
9.23251,noisy,-1,-1,-1,0,19.4444,0,19.4444,0
9.24092,noisy,-1,-1,-1,0,19.4444,0,19.4444,0
9.24912,noisy,-1,-1,-1,0,19.4444,0,19.4444,0
9.25731,noisy,-1,-1,-1,0,19.4444,0,19.4444,0
9.26567,noisy,-1,-1,-1,0,19.4444,0,19.4444,0
9.27406,noisy,-1,-1,-1,0,19.4444,0,19.4444,0
9.28227,noisy,-1,-1,-1,0,19.4444,0,19.4444,0
9.29063,noisy,-1,-1,-1,0,19.4444,0,19.4444,0
9.29892,noisy,-1,-1,-1,0,19.4444,0,19.4444,0
9.30718,noisy,-1,-1,-1,0,19.4444,0,19.4444,0
9.31563,noisy,-1,-1,-1,0,19.4444,0,19.4444,0
9.32397,noisy,-1,-1,-1,0,19.4444,0,19.4444,0
9.33219,noisy,-1,-1,-1,0,19.4444,0,19.4444,0
9.34053,noisy,-1,-1,-1,0,19.4444,0,19.4444,0
9.34889,noisy,-1,-1,-1,0,19.4444,0,19.4444,0
9.35721,noisy,-1,-1,-1,0,19.4444,0,19.4444,0
9.3657,noisy,-1,-1,-1,0,19.4444,0,19.4444,0
9.37403,noisy,-1,-1,-1,0,19.4444,0,19.4444,0
9.38247,noisy,-1,-1,-1,0,19.4444,0,19.4444,0
9.39077,noisy,-1,-1,-1,0,19.4444,0,19.4444,0
9.39913,noisy,-1,-1,-1,0,19.4444,0,19.4444,0
9.4073,noisy,-1,-1,-1,0,19.4444,0,19.4444,0
9.41556,noisy,-1,-1,-1,0,19.4444,0,19.4444,0
9.42378,noisy,-1,-1,-1,0,19.4444,0,19.4444,0
9.43219,noisy,-1,-1,-1,0,19.4444,0,19.4444,0
9.44052,noisy,-1,-1,-1,0,19.4444,0,19.4444,0
9.44882,noisy,-1,-1,-1,0,19.4444,0,19.4444,0
9.45729,noisy,-1,-1,-1,0,19.4444,0,19.4444,0
9.46563,noisy,-1,-1,-1,0,19.4444,0,19.4444,0
9.47394,noisy,-1,-1,-1,0,19.4444,0,19.4444,0
9.48213,noisy,-1,-1,-1,0,19.4444,0,19.4444,0
9.49047,noisy,-1,-1,-1,0,19.4444,0,19.4444,0
9.49876,noisy,-1,-1,-1,0,19.4444,0,19.4444,0
9.50745,noisy,-1,-1,-1,0,19.4444,0,19.4444,0
9.51563,noisy,-1,-1,-1,0,19.4444,0,19.4444,0
9.52388,noisy,-1,-1,-1,0,19.4444,0,19.4444,0
9.53217,noisy,-1,-1,-1,0,19.4444,0,19.4444,0
9.54058,noisy,-1,-1,-1,0,19.4444,0,19.4444,0
9.54901,noisy,-1,-1,-1,0,19.4444,0,19.4444,0
9.55734,noisy,-1,-1,-1,0,19.4444,0,19.4444,0
9.5656,noisy,-1,-1,-1,0,19.4444,0,19.4444,0
9.57397,noisy,-1,-1,-1,0,19.4444,0,19.4444,0
9.58221,noisy,-1,-1,-1,0,19.4444,0,19.4444,0
9.59062,noisy,-1,-1,-1,0,19.4444,0,19.4444,0
9.59894,noisy,-1,-1,-1,0,19.4444,0,19.4444,0
9.6072,noisy,-1,-1,-1,0,19.4444,0,19.4444,0
9.61561,noisy,-1,-1,-1,0,19.4444,0,19.4444,0
9.62384,noisy,-1,-1,-1,0,19.4444,0,19.4444,0
9.63215,noisy,-1,-1,-1,0,19.4444,0,19.4444,0
9.64059,noisy,-1,-1,-1,0,19.4444,0,19.4444,0
9.64884,noisy,-1,-1,-1,0,19.4444,0,19.4444,0
9.65721,noisy,-1,-1,-1,0,19.4444,0,19.4444,0
9.66554,noisy,-1,-1,-1,0,19.4444,0,19.4444,0
9.67419,noisy,-1,-1,-1,0,19.4444,0,19.4444,0
9.68247,noisy,-1,-1,-1,0,19.4444,0,19.4444,0
9.69049,noisy,-1,-1,-1,0,19.4444,0,19.4444,0
9.69896,noisy,-1,-1,-1,0,19.4444,0,19.4444,0
9.70771,noisy,-1,-1,-1,0,19.4444,0,19.4444,0
9.71576,noisy,-1,-1,-1,0,19.4444,0,19.4444,0
9.72388,noisy,-1,-1,-1,0,19.4444,0,19.4444,0
9.73228,noisy,-1,-1,-1,0,19.4444,0,19.4444,0
9.74057,noisy,-1,-1,-1,0,19.4444,0,19.4444,0
9.7489,noisy,-1,-1,-1,0,19.4444,0,19.4444,0
9.75727,noisy,-1,-1,-1,0,19.4444,0,19.4444,0
9.76562,noisy,-1,-1,-1,0,19.4444,0,19.4444,0
9.77402,noisy,-1,-1,-1,0,19.4444,0,19.4444,0
9.78251,noisy,-1,-1,-1,0,19.4444,0,19.4444,0
9.79057,noisy,-1,-1,-1,0,19.4444,0,19.4444,0
9.79891,noisy,-1,-1,-1,0,19.4444,0,19.4444,0
9.80724,noisy,-1,-1,-1,0,19.4444,0,19.4444,0
9.81605,noisy,-1,-1,-1,0,19.4444,0,19.4444,0
9.82379,noisy,-1,-1,-1,0,19.4444,0,19.4444,0
9.83244,noisy,-1,-1,-1,0,19.4444,0,19.4444,0
9.84078,noisy,-1,-1,-1,0,19.4444,0,19.4444,0
9.84897,noisy,-1,-1,-1,0,19.4444,0,19.4444,0
9.85727,noisy,-1,-1,-1,0,19.4444,0,19.4444,0
9.86562,noisy,-1,-1,-1,0,19.4444,0,19.4444,0
9.87451,noisy,-1,-1,-1,0,19.4444,0,19.4444,0
9.88217,noisy,-1,-1,-1,0,19.4444,0,19.4444,0
9.8905,noisy,-1,-1,-1,0,19.4444,0,19.4444,0
9.89885,noisy,-1,-1,-1,0,19.4444,0,19.4444,0
9.90729,noisy,-1,-1,-1,0,19.4444,0,19.4444,0
9.91557,noisy,-1,-1,-1,0,19.4444,0,19.4444,0
9.92383,noisy,-1,-1,-1,0,19.4444,0,19.4444,0
9.93208,noisy,-1,-1,-1,0,19.4444,0,19.4444,0
9.94046,noisy,-1,-1,-1,0,19.4444,0,19.4444,0
9.94877,noisy,-1,-1,-1,0,19.4444,0,19.4444,0
9.95719,noisy,-1,-1,-1,0,19.4444,0,19.4444,0
9.9656,noisy,-1,-1,-1,0,19.4444,0,19.4444,0
9.9746,noisy,-1,-1,-1,0,19.4444,0,19.4444,0
9.9825,noisy,-1,-1,-1,0,19.4444,0,19.4444,0
9.99051,noisy,-1,-1,-1,0,19.4444,0,19.4444,0
9.99909,noisy,-1,-1,-1,0,19.4444,0,19.4444,0
10.0079,noisy,-1,-1,-1,0,19.4444,0,19.4444,0
10.0156,noisy,-1,-1,-1,0,19.4444,0,19.4444,0
10.0238,noisy,-1,-1,-1,0,19.4444,0,19.4444,0
10.0321,noisy,-1,-1,-1,0,19.4444,0,19.4444,0
10.0406,noisy,-1,-1,-1,0,19.4444,0,19.4444,0
10.0489,noisy,-1,-1,-1,0,19.4444,0,19.4444,0
10.0572,noisy,-1,-1,-1,0,19.4444,0,19.4444,0
10.0657,noisy,-1,-1,-1,0,19.4444,0,19.4444,0
10.074,noisy,-1,-1,-1,0,19.4444,0,19.4444,0
10.0822,noisy,-1,-1,-1,0,19.4444,0,19.4444,0
10.0906,noisy,-1,-1,-1,0,19.4444,0,19.4444,0
10.099,noisy,-1,-1,-1,0,19.4444,0,19.4444,0
10.1073,noisy,-1,-1,-1,0,19.4444,0,19.4444,0
10.1158,noisy,-1,-1,-1,0,19.4444,0,19.4444,0
10.1241,noisy,-1,-1,-1,0,19.4444,0,19.4444,0
10.1325,noisy,-1,-1,-1,0,19.4444,0,19.4444,0
10.1406,noisy,-1,-1,-1,0,19.4444,0,19.4444,0
10.1489,noisy,-1,-1,-1,0,19.4444,0,19.4444,0
10.1576,noisy,-1,-1,-1,0,19.4444,0,19.4444,0
10.1658,noisy,-1,-1,-1,0,19.4444,0,19.4444,0
10.1758,noisy,-1,-1,-1,0,19.4444,0,19.4444,0
10.1821,noisy,-1,-1,-1,0,19.4444,0,19.4444,0
10.1926,noisy,-1,-1,-1,0,19.4444,0,19.4444,0
10.1989,noisy,-1,-1,-1,0,19.4444,0,19.4444,0
10.2076,noisy,-1,-1,-1,0,19.4444,0,19.4444,0
10.2161,noisy,-1,-1,-1,0,19.4444,0,19.4444,0
10.2239,noisy,-1,-1,-1,0,19.4444,0,19.4444,0
10.2323,noisy,-1,-1,-1,0,19.4444,0,19.4444,0
10.2407,noisy,-1,-1,-1,0,19.4444,0,19.4444,0
10.2489,noisy,-1,-1,-1,0,19.4444,0,19.4444,0
10.2573,noisy,-1,-1,-1,0,19.4444,0,19.4444,0
10.2658,noisy,-1,-1,-1,0,19.4444,0,19.4444,0
10.274,noisy,-1,-1,-1,0,19.4444,0,19.4444,0
10.2822,noisy,-1,-1,-1,0,19.4444,0,19.4444,0
10.2905,noisy,-1,-1,-1,0,19.4444,0,19.4444,0
10.2987,noisy,-1,-1,-1,0,19.4444,0,19.4444,0
10.3073,noisy,-1,-1,-1,0,19.4444,0,19.4444,0
10.3157,noisy,-1,-1,-1,0,19.4444,0,19.4444,0
10.3239,noisy,-1,-1,-1,0,19.4444,0,19.4444,0
10.3322,noisy,-1,-1,-1,0,19.4444,0,19.4444,0
10.3405,noisy,-1,-1,-1,0,19.4444,0,19.4444,0
10.3488,noisy,-1,-1,-1,0,19.4444,0,19.4444,0
10.3574,noisy,-1,-1,-1,0,19.4444,0,19.4444,0
10.3657,noisy,-1,-1,-1,0,19.4444,0,19.4444,0
10.3757,noisy,-1,-1,-1,0,19.4444,0,19.4444,0
10.3822,noisy,-1,-1,-1,0,19.4444,0,19.4444,0
10.3906,noisy,-1,-1,-1,0,19.4444,0,19.4444,0
10.3988,noisy,-1,-1,-1,0,19.4444,0,19.4444,0
10.4072,noisy,-1,-1,-1,0,19.4444,0,19.4444,0
10.4156,noisy,-1,-1,-1,0,19.4444,0,19.4444,0
10.4239,noisy,-1,-1,-1,0,19.4444,0,19.4444,0
10.4323,noisy,-1,-1,-1,0,19.4444,0,19.4444,0
10.4406,noisy,-1,-1,-1,0,19.4444,0,19.4444,0
10.4489,noisy,-1,-1,-1,0,19.4444,0,19.4444,0
10.4575,noisy,-1,-1,-1,0,19.4444,0,19.4444,0
10.4658,noisy,-1,-1,-1,0,19.4444,0,19.4444,0
10.4757,noisy,-1,-1,-1,0,19.4444,0,19.4444,0
10.4822,noisy,-1,-1,-1,0,19.4444,0,19.4444,0
10.4905,noisy,2,49.5836,50.6567,-1.07312,19.4444,19.4444,19.4444,0
10.4989,noisy,2,49.6507,50.3349,-0.684192,19.4444,19.4444,19.4444,0
10.5075,noisy,-1,-1,-1,0,19.4444,0,19.4444,0
10.5156,noisy,2,49.2125,49.6779,-0.46543,19.4444,19.4444,19.4444,0
10.5238,noisy,2,49.196,49.3628,-0.166783,19.4444,19.4444,19.4444,0
10.5323,noisy,2,48.6855,49.0455,-0.36004,19.4444,19.4444,19.4444,0
10.5405,noisy,2,48.8231,48.7168,0.106326,19.4444,19.4444,19.4444,0
10.5489,noisy,2,48.7596,48.3964,0.36312,19.4444,19.4444,19.4444,0
10.5573,noisy,2,47.8409,48.0705,-0.229653,19.4444,19.4444,19.4444,0
10.5655,noisy,2,47.4863,47.7436,-0.257265,19.4444,19.4444,19.4444,0
10.5766,noisy,2,46.9617,47.4263,-0.464649,19.4444,19.4444,19.4444,0
10.5825,noisy,2,47.6373,46.9969,0.640392,19.4444,19.4444,19.4444,0
10.5906,noisy,2,46.7922,46.7663,0.0259697,19.4444,19.4444,19.4444,0
10.5989,noisy,2,46.3694,46.4536,-0.0841965,19.4444,19.4444,19.4444,0
10.6073,noisy,2,46.7664,46.1325,0.633934,19.4444,19.4444,19.4444,0
10.6158,noisy,2,46.7613,45.8052,0.95611,19.4444,19.4444,19.4444,0
10.624,noisy,2,45.5804,45.4772,0.10322,19.4444,19.4444,19.4444,0
10.6323,noisy,2,44.849,45.1593,-0.310321,19.4444,19.4444,19.4444,0
10.6405,noisy,2,45.1763,44.8352,0.341105,19.4444,19.4444,19.4444,0
10.6489,noisy,2,44.2532,44.5181,-0.264924,19.4444,19.4444,19.4444,0
10.6574,noisy,2,43.7322,44.1953,-0.463118,19.4444,19.4444,19.4444,0
10.6657,noisy,2,43.5268,43.8643,-0.337486,19.4444,19.4444,19.4444,0
10.6741,noisy,2,43.2284,43.5413,-0.312888,19.4444,19.4444,19.4444,0
10.6823,noisy,2,42.5532,43.2183,-0.665028,19.4444,19.4444,19.4444,0
10.6906,noisy,2,42.714,42.8986,-0.184574,19.4444,19.4444,19.4444,0
10.6989,noisy,2,42.6327,42.5786,0.0541478,19.4444,19.4444,19.4444,0
10.7074,noisy,2,41.9951,42.2539,-0.258785,19.4444,19.4444,19.4444,0
10.7156,noisy,2,41.1891,41.9261,-0.736978,19.4444,19.4444,19.4444,0
10.7239,noisy,2,41.4832,41.6065,-0.123387,19.4444,19.4444,19.4444,0
10.7323,noisy,2,40.883,41.2857,-0.402694,19.4444,19.4444,19.4444,0
10.7406,noisy,2,40.8588,40.9616,-0.102777,19.4444,19.4444,19.4444,0
10.749,noisy,2,40.9043,40.6376,0.266695,19.4444,19.4444,19.4444,0
10.7573,noisy,2,39.8831,40.3149,-0.431838,19.4444,19.4444,19.4444,0
10.7657,noisy,2,40.0053,39.992,0.0133052,19.4444,19.4444,19.4444,0
10.7741,noisy,2,39.7534,39.6664,0.0869649,19.4444,19.4444,19.4444,0
10.7835,noisy,2,39.2924,39.3415,-0.0491596,19.4444,19.4444,19.4444,0
10.7907,noisy,2,38.7382,38.9757,-0.237516,19.4444,19.4444,19.4444,0
10.7988,noisy,2,39.1337,38.7006,0.433124,19.4444,19.4444,19.4444,0
10.8072,noisy,2,38.5516,38.3852,0.166408,19.4444,19.4444,19.4444,0
10.8156,noisy,2,37.8949,38.0597,-0.164777,19.4444,19.4444,19.4444,0
10.8238,noisy,2,38.1417,37.7341,0.407645,19.4444,19.4444,19.4444,0
10.8321,noisy,2,37.3355,37.4157,-0.0802202,19.4444,19.4444,19.4444,0
10.8405,noisy,2,36.8839,37.0944,-0.210544,19.4444,19.4444,19.4444,0
10.8489,noisy,2,36.7285,36.7715,-0.042985,19.4444,19.4444,19.4444,0
10.8572,noisy,2,36.5852,36.4464,0.138817,19.4444,19.4444,19.4444,0
10.8656,noisy,2,35.884,36.1235,-0.239471,19.4444,19.4444,19.4444,0
10.874,noisy,2,36.3155,35.7972,0.518324,19.4444,19.4444,19.4444,0
10.8854,noisy,2,35.9802,35.4748,0.505405,19.4444,19.4444,19.4444,0
10.8905,noisy,2,34.9414,35.0343,-0.0929229,19.4444,19.4444,19.4444,0
10.8989,noisy,2,34.6512,34.8359,-0.184736,19.4444,19.4444,19.4444,0
10.9073,noisy,2,34.5773,34.5117,0.0656049,19.4444,19.4444,19.4444,0
10.9156,noisy,2,34.235,34.1851,0.0499289,19.4444,19.4444,19.4444,0
10.9239,noisy,2,33.461,33.8662,-0.405217,19.4444,19.4444,19.4444,0
10.9322,noisy,2,33.2818,33.5434,-0.261631,19.4444,19.4444,19.4444,0
10.9405,noisy,2,33.2214,33.2219,-0.000490789,19.4444,19.4444,19.4444,0
10.9488,noisy,2,33.1826,32.9015,0.281122,19.4444,19.4444,19.4444,0
10.9573,noisy,2,31.7972,32.5799,-0.782636,19.4442,19.4444,19.4442,0
10.9657,noisy,2,32.3121,32.2512,0.0609341,19.4443,19.4444,19.4443,0
10.974,noisy,2,31.6646,31.9252,-0.260575,19.444,19.4444,19.444,0
10.9823,noisy,2,31.866,31.6061,0.259821,19.4438,19.4444,19.4438,0
10.9908,noisy,2,31.5751,31.2845,0.290589,19.4434,19.4444,19.4434,0
10.9988,noisy,2,30.9947,30.9563,0.0384123,19.4427,19.4444,19.4427,0
11.0073,noisy,2,30.1011,30.6469,-0.54579,19.4413,19.4444,19.4413,0
11.0157,noisy,2,29.7888,30.318,-0.529238,19.4398,19.4444,19.4398,0
11.0239,noisy,2,29.768,29.9937,-0.225734,19.4383,19.4444,19.4383,0
11.0326,noisy,2,29.7018,29.679,0.0228144,19.4367,19.4444,19.4367,0
11.0409,noisy,2,28.9585,29.3426,-0.384087,19.4347,19.4444,19.4347,0
11.0488,noisy,2,28.3768,29.0206,-0.643757,19.4324,19.4444,19.4324,0
11.0573,noisy,2,28.7031,28.7156,-0.0124878,19.4303,19.4444,19.4303,0
11.0657,noisy,2,28.2762,28.3899,-0.113717,19.4279,19.4444,19.4279,0
11.0741,noisy,2,28.0743,28.0671,0.00712544,19.4253,19.4444,19.4253,0
11.0822,noisy,2,27.7979,27.7403,0.0576271,19.4227,19.4444,19.4227,0
11.0905,noisy,2,27.6876,27.4275,0.260055,19.42,19.4444,19.42,0
11.0988,noisy,2,26.8463,27.1077,-0.261374,19.4168,19.4444,19.4168,0
11.1072,noisy,2,27.1466,26.7898,0.35688,19.4137,19.4444,19.4137,0
11.1156,noisy,2,26.2546,26.4654,-0.210765,19.4101,19.4444,19.4101,0
11.1239,noisy,2,26.0521,26.1415,-0.0894316,19.4065,19.4444,19.4065,0
11.1321,noisy,2,26.4468,25.8215,0.625343,19.4031,19.4444,19.4031,0
11.1405,noisy,2,25.7199,25.5065,0.213436,19.3993,19.4444,19.3993,0
11.1489,noisy,2,24.5603,25.184,-0.623738,19.3947,19.4444,19.3947,0
11.1572,noisy,2,24.9794,24.8605,0.11888,19.3904,19.4444,19.3904,0
11.166,noisy,2,24.5392,24.54,-0.000879055,19.3857,19.4444,19.3857,0
11.1739,noisy,2,24.2308,24.2022,0.028598,19.3813,19.4444,19.3813,0
11.1823,noisy,2,23.8085,23.8995,-0.0909693,19.3764,19.4444,19.3764,0
11.1907,noisy,2,23.6753,23.5765,0.0987493,19.3715,19.4444,19.3715,0
11.1989,noisy,2,23.237,23.2568,-0.0197963,19.3663,19.4444,19.3663,0
11.2072,noisy,2,23.1467,22.94,0.206704,19.3611,19.4444,19.3611,0
11.2156,noisy,2,22.562,22.6203,-0.0582581,19.3556,19.4444,19.3556,0
11.2239,noisy,2,22.4279,22.299,0.128841,19.3501,19.4444,19.3501,0
11.2322,noisy,2,21.9315,21.9824,-0.0508406,19.3442,19.4444,19.3442,0
11.2406,noisy,2,21.7183,21.6651,0.0531917,19.3382,19.4444,19.3382,0
11.2488,noisy,2,21.2846,21.3419,-0.0573754,19.3322,19.4444,19.3322,0
11.2573,noisy,2,21.11,21.028,0.0820246,19.3258,19.4444,19.3258,0
11.2656,noisy,2,20.7585,20.7032,0.0552533,19.3195,19.4444,19.3195,0
11.2739,noisy,2,20.5872,20.3874,0.199805,19.313,19.4444,19.313,0
11.2823,noisy,2,19.9936,20.0683,-0.0747108,19.3062,19.4444,19.3062,0
11.2905,noisy,2,19.5641,19.7508,-0.186735,19.2993,19.4444,19.2993,0
11.2989,noisy,2,19.6067,19.4361,0.170582,19.2923,19.4444,19.2923,0
11.3073,noisy,2,19.0671,19.1168,-0.0496859,19.2851,19.4444,19.2851,0
11.3158,noisy,2,18.9623,18.7981,0.16421,19.2777,19.4444,19.2777,0
11.3238,noisy,2,18.397,18.4749,-0.0779426,19.2704,19.4444,19.2704,0
11.3322,noisy,2,18.0679,18.1698,-0.101862,19.2627,19.4444,19.2627,0
11.3407,noisy,2,17.8553,17.8526,0.00272647,19.2548,19.4444,19.2548,0
11.349,noisy,2,17.6479,17.5297,0.118197,19.247,19.4444,19.247,0
11.3573,noisy,2,17.1731,17.2138,-0.0406944,19.239,19.4444,19.239,0
11.3655,noisy,2,16.8735,16.9004,-0.0268834,19.2309,19.4444,19.2309,0
11.3739,noisy,2,16.7096,16.5891,0.120497,19.2226,19.4444,19.2226,0
11.3823,noisy,2,16.2398,16.2727,-0.0329274,19.214,19.4444,19.214,0
11.3905,noisy,2,15.9063,15.9536,-0.0473426,19.2056,19.4444,19.2056,0
11.3989,noisy,2,15.4859,15.6442,-0.158341,19.1967,19.4444,19.1967,0
11.4073,noisy,2,15.3769,15.3294,0.0475319,19.1879,19.4444,19.1879,0
11.4156,noisy,2,14.8592,15.0148,-0.155575,19.1788,19.4444,19.1788,0
11.4239,noisy,2,14.7504,14.7032,0.0471688,19.1698,19.4444,19.1698,0
11.4322,noisy,2,14.3001,14.3908,-0.0906903,19.1605,19.4444,19.1605,0
11.4405,noisy,2,14.0746,14.0783,-0.00370359,19.1512,19.4444,19.1512,0
11.4489,noisy,2,13.6358,13.7698,-0.133963,19.1415,19.4444,19.1415,0
11.4574,noisy,2,13.3197,13.4559,-0.13627,19.1317,19.4444,19.1317,0
11.4658,noisy,2,13.3668,13.1412,0.225648,19.1221,19.4444,19.1221,0
11.4739,noisy,2,12.6634,12.8285,-0.165074,19.1124,19.4444,19.1124,0
11.4822,noisy,2,12.3741,12.5275,-0.153468,19.1023,19.4444,19.1023,0
11.4907,noisy,2,12.1903,12.2201,-0.0298638,19.0921,19.4444,19.0921,0
11.4989,noisy,2,11.9601,11.9087,0.0513795,19.0821,19.4444,19.0821,0
11.5073,noisy,2,11.5795,11.6052,-0.0256817,19.0717,19.4444,19.0717,0
11.5155,noisy,2,11.3001,11.2976,0.00255714,19.0614,19.4444,19.0614,0
11.5239,noisy,2,11.0927,10.9964,0.0962791,19.0509,19.4444,19.0509,0
11.5323,noisy,2,10.8156,10.6906,0.124981,19.0403,19.4444,19.0403,0
11.5405,noisy,2,10.3257,10.3861,-0.0603436,19.0297,19.4444,19.0297,0
11.5489,noisy,2,10.1237,10.0906,0.0330319,19.0187,19.4444,19.0187,0
11.5572,noisy,2,9.63707,9.78694,-0.149866,19.0077,19.4444,19.0077,0
11.5656,noisy,2,9.60705,9.48853,0.118521,18.9967,19.4444,18.9967,0
11.574,noisy,2,9.15589,9.19139,-0.0355032,18.9855,19.4444,18.9855,0
11.5823,noisy,2,8.76087,8.8943,-0.133429,18.9742,19.4444,18.9742,0
11.5907,noisy,2,8.68924,8.60226,0.086974,18.9628,19.4444,18.9628,0
11.5988,noisy,2,8.20846,8.30854,-0.100072,18.9515,19.4444,18.9515,0
11.6074,noisy,2,8.03617,8.0241,0.0120647,18.9398,19.4444,18.9398,0
11.6159,noisy,2,7.71669,7.73156,-0.0148696,18.9279,19.4444,18.9279,0
11.6239,noisy,2,7.35226,7.44214,-0.08988,18.9165,19.4444,18.9165,0
11.6322,noisy,2,7.16099,7.17087,-0.00988628,18.9048,19.4444,18.9048,0
11.6405,noisy,2,7.03595,6.89556,0.14039,18.893,19.4444,18.893,0
11.6489,noisy,2,6.63585,6.62113,0.0147208,18.881,19.4444,18.881,0
11.6574,noisy,2,6.42635,6.35155,0.0748035,18.8688,19.4444,18.8688,0
11.6655,noisy,1,28.6142,28.6525,-0.0383088,18.8712,19.4444,18.8712,0
11.674,noisy,1,27.8162,28.3426,-0.526436,18.8732,19.4444,18.8732,0
11.6824,noisy,1,27.6495,28.0191,-0.369587,18.875,19.4444,18.875,0
11.6905,noisy,1,27.7685,27.6977,0.0707999,18.8769,19.4444,18.8769,0
11.6988,noisy,1,27.2403,27.3843,-0.144037,18.8784,19.4444,18.8784,0
11.7072,noisy,1,26.6861,27.0665,-0.380406,18.8796,19.4444,18.8796,0
11.7156,noisy,1,27.2421,26.7456,0.496494,18.8811,19.4444,18.8811,0
11.7239,noisy,1,26.1403,26.4237,-0.283407,18.8819,19.4444,18.8819,0
11.7322,noisy,1,26.4012,26.1055,0.295717,18.8828,19.4444,18.8828,0
11.7406,noisy,1,25.8524,25.7872,0.0652524,18.8834,19.4444,18.8834,0
11.749,noisy,1,25.6749,25.4674,0.207486,18.8839,19.4444,18.8839,0
11.7574,noisy,1,25.3853,25.1439,0.241441,18.8842,19.4444,18.8842,0
11.7656,noisy,1,24.8246,24.8207,0.00397418,18.8841,19.4444,18.8841,0
11.7739,noisy,1,24.5357,24.509,0.026705,18.8838,19.4444,18.8838,0
11.7864,noisy,1,24.1619,24.1903,-0.0283315,18.8831,19.4444,18.8831,0
11.7917,noisy,1,23.6806,23.7116,-0.0310346,18.8825,19.4444,18.8825,0
11.799,noisy,1,23.3816,23.5067,-0.1251,18.8817,19.4444,18.8817,0
11.8074,noisy,1,23.1532,23.2265,-0.073294,18.8805,19.4444,18.8805,0
11.8156,noisy,1,22.8241,22.9061,-0.0819264,18.8792,19.4444,18.8792,0
11.8243,noisy,1,22.5721,22.5917,-0.0196003,18.8776,19.4444,18.8776,0
11.8324,noisy,1,22.3218,22.2561,0.0656883,18.876,19.4444,18.876,0
11.8407,noisy,1,21.94,21.9467,-0.00668763,18.8741,19.4444,18.8741,0
11.8489,noisy,1,21.8488,21.6297,0.219107,18.8722,19.4444,18.8722,0
11.8573,noisy,1,21.1859,21.3133,-0.127407,18.8699,19.4444,18.8699,0
11.8656,noisy,1,20.9095,20.9951,-0.0855775,18.8674,19.4444,18.8674,0
11.8741,noisy,1,20.6812,20.6733,0.00796579,18.8647,19.4444,18.8647,0
11.8823,noisy,1,20.1419,20.3499,-0.208002,18.8618,19.4444,18.8618,0
11.8906,noisy,1,20.1676,20.0343,0.133386,18.8589,19.4444,18.8589,0
11.8987,noisy,1,19.9217,19.7175,0.20424,18.8559,19.4444,18.8559,0
11.9073,noisy,1,19.4201,19.4056,0.0145296,18.8525,19.4444,18.8525,0
11.9156,noisy,1,19.1795,19.0785,0.101014,18.849,19.4444,18.849,0
11.9239,noisy,1,18.6519,18.7613,-0.10941,18.8452,19.4444,18.8452,0
11.9322,noisy,1,18.3985,18.4423,-0.0437666,18.8413,19.4444,18.8413,0
11.9405,noisy,1,18.3859,18.1262,0.25977,18.8374,19.4444,18.8374,0
11.9489,noisy,1,17.7385,17.8063,-0.0677709,18.8331,19.4444,18.8331,0
11.9572,noisy,1,17.4595,17.4861,-0.0266317,18.8287,19.4444,18.8287,0
11.9655,noisy,1,17.3394,17.1656,0.173773,18.8242,19.4444,18.8242,0
11.9739,noisy,1,16.8472,16.8481,-0.000886403,18.8195,19.4444,18.8195,0
11.9823,noisy,1,16.6085,16.5299,0.0786175,18.8146,19.4444,18.8146,0
11.9905,noisy,1,16.2744,16.2077,0.0667206,18.8096,19.4444,18.8096,0
11.9988,noisy,1,15.9382,15.8921,0.0460075,18.8044,19.4444,18.8044,0
12.0073,noisy,1,15.4791,15.5744,-0.0953459,18.7988,19.4444,18.7988,0
12.0156,noisy,1,15.3074,15.2511,0.0563079,18.7933,19.4444,18.7933,0
12.0239,noisy,1,15.0158,14.9327,0.0831543,18.7876,19.4444,18.7876,0
12.0322,noisy,1,14.6024,14.6173,-0.0149189,18.7818,19.4444,18.7818,0
12.0407,noisy,1,14.2524,14.3001,-0.0476378,18.7756,19.4444,18.7756,0
12.0488,noisy,1,13.9623,13.9751,-0.0128212,18.7695,19.4444,18.7695,0
12.0577,noisy,1,13.711,13.6641,0.0468563,18.7628,19.4444,18.7628,0
12.0656,noisy,1,13.2004,13.3253,-0.124918,18.7564,19.4444,18.7564,0
12.0738,noisy,1,13.2707,13.0206,0.25017,18.7501,19.4444,18.7501,0
12.0823,noisy,1,12.5389,12.7088,-0.169901,18.743,19.4444,18.743,0
12.0905,noisy,1,12.2006,12.3837,-0.183082,18.736,19.4444,18.736,0
12.0988,noisy,1,12.2942,12.0706,0.223567,18.7291,19.4444,18.7291,0
12.1075,noisy,1,11.5292,11.7537,-0.224567,18.7213,19.4444,18.7213,0
12.1155,noisy,1,11.4018,11.4199,-0.0180991,18.7143,19.4444,18.7143,0
12.1238,noisy,1,11.1102,11.1171,-0.00690225,18.7067,19.4444,18.7067,0
12.1322,noisy,1,10.8127,10.8002,0.0125155,18.6989,19.4444,18.6989,0
12.1405,noisy,1,10.3814,10.478,-0.0965618,18.6911,19.4444,18.6911,0
12.1488,noisy,1,10.1675,10.1629,0.00455922,18.6831,19.4444,18.6831,0
12.1574,noisy,1,9.93584,9.84509,0.0907495,18.6749,19.4444,18.6749,0
12.1655,noisy,1,9.70629,9.51979,0.1865,18.6669,19.4444,18.6669,0
12.174,noisy,1,9.3196,9.20923,0.110371,18.6585,19.4444,18.6585,0
12.1822,noisy,1,8.90197,8.88624,0.0157362,18.65,19.4444,18.65,0
12.1905,noisy,1,8.53345,8.57128,-0.0378293,18.6415,19.4444,18.6415,0
12.1988,noisy,1,8.23145,8.25807,-0.0266238,18.6327,19.4444,18.6327,0
12.2072,noisy,1,7.8242,7.94109,-0.11689,18.6236,19.4444,18.6236,0
12.2157,noisy,1,7.52853,7.62136,-0.0928269,18.6143,19.4444,18.6143,0
12.2239,noisy,1,7.40188,7.29786,0.104021,18.6053,19.4444,18.6053,0
12.2323,noisy,1,7.00874,6.98578,0.0229628,18.596,19.4444,18.596,0
12.2406,noisy,1,6.58543,6.66651,-0.0810776,18.5864,19.4444,18.5864,0
12.2497,noisy,1,6.41379,6.34854,0.0652535,18.5761,19.4444,18.5761,0
12.2574,noisy,1,5.97677,6.00508,-0.0283109,18.5671,19.4444,18.5671,0
12.2659,noisy,1,5.6713,5.71039,-0.0390939,18.557,19.4444,18.557,0
12.274,noisy,1,5.38182,5.38647,-0.00464204,18.5474,19.4444,18.5474,0
12.2823,noisy,1,5.04507,5.08018,-0.0351141,18.5373,19.4444,18.5373,0
12.2907,noisy,1,4.82111,4.76539,0.0557179,18.5271,19.4444,18.5271,0
12.2988,noisy,1,4.39217,4.44772,-0.0555547,18.517,19.4444,18.517,0
12.3073,noisy,1,4.18636,4.13731,0.049042,18.5065,19.4444,18.5065,0
12.3155,noisy,1,3.79334,3.81674,-0.0233991,18.496,19.4444,18.496,0
12.3239,noisy,1,3.44641,3.50507,-0.0586548,18.4853,19.4444,18.4853,0
12.3322,noisy,1,3.29801,3.18764,0.110367,18.4745,19.4444,18.4745,0
12.3405,noisy,1,2.80653,2.86943,-0.0629072,18.4637,19.4444,18.4637,0
12.3488,noisy,1,2.51023,2.55515,-0.0449164,18.4527,19.4444,18.4527,0
12.3571,noisy,1,2.18613,2.2429,-0.0567684,18.4416,19.4444,18.4416,0
12.3657,noisy,1,1.99491,1.92708,0.0678299,18.43,19.4444,18.43,0
12.3741,noisy,1,1.73051,1.60064,0.129866,18.4187,19.4444,18.4187,0
12.3822,noisy,1,1.36794,1.28453,0.0834086,18.4076,19.4444,18.4076,0
12.3905,noisy,-1,-1,-1,0,18.4365,0,18.4365,0
12.3991,noisy,-1,-1,-1,0,18.4666,0,18.4666,0
12.4072,noisy,-1,-1,-1,0,18.4943,0,18.4943,0
12.4155,noisy,-1,-1,-1,0,18.5221,0,18.5221,0
12.424,noisy,-1,-1,-1,0,18.5493,0,18.5493,0
12.4321,noisy,-1,-1,-1,0,18.5748,0,18.5748,0
12.4404,noisy,-1,-1,-1,0,18.6001,0,18.6001,0
12.4489,noisy,-1,-1,-1,0,18.6251,0,18.6251,0
12.4574,noisy,-1,-1,-1,0,18.6494,0,18.6494,0
12.4657,noisy,-1,-1,-1,0,18.6726,0,18.6726,0
12.4739,noisy,-1,-1,-1,0,18.6947,0,18.6947,0
12.4822,noisy,-1,-1,-1,0,18.7165,0,18.7165,0
12.4905,noisy,-1,-1,-1,0,18.7378,0,18.7378,0
12.4991,noisy,-1,-1,-1,0,18.759,0,18.759,0
12.5071,noisy,-1,-1,-1,0,18.7782,0,18.7782,0
12.5158,noisy,-1,-1,-1,0,18.7985,0,18.7985,0
12.5238,noisy,-1,-1,-1,0,18.8166,0,18.8166,0
12.5322,noisy,-1,-1,-1,0,18.835,0,18.835,0
12.5405,noisy,-1,-1,-1,0,18.8528,0,18.8528,0
12.5489,noisy,-1,-1,-1,0,18.8701,0,18.8701,0
12.5572,noisy,-1,-1,-1,0,18.8869,0,18.8869,0
12.5657,noisy,-1,-1,-1,0,18.9034,0,18.9034,0
12.5739,noisy,-1,-1,-1,0,18.9188,0,18.9188,0
12.5822,noisy,-1,-1,-1,0,18.9341,0,18.9341,0
12.5907,noisy,-1,-1,-1,0,18.9493,0,18.9493,0
12.5989,noisy,-1,-1,-1,0,18.9636,0,18.9636,0
12.6072,noisy,-1,-1,-1,0,18.9775,0,18.9775,0
12.6155,noisy,-1,-1,-1,0,18.9911,0,18.9911,0
12.6239,noisy,-1,-1,-1,0,19.0044,0,19.0044,0
12.6322,noisy,-1,-1,-1,0,19.0172,0,19.0172,0
12.6406,noisy,-1,-1,-1,0,19.0298,0,19.0298,0
12.6488,noisy,-1,-1,-1,0,19.0417,0,19.0417,0
12.6574,noisy,-1,-1,-1,0,19.0538,0,19.0538,0
12.6658,noisy,-1,-1,-1,0,19.0653,0,19.0653,0
12.6741,noisy,-1,-1,-1,0,19.0762,0,19.0762,0
12.6827,noisy,-1,-1,-1,0,19.0873,0,19.0873,0
12.6908,noisy,-1,-1,-1,0,19.0975,0,19.0975,0
12.6988,noisy,-1,-1,-1,0,19.1072,0,19.1072,0
12.7072,noisy,-1,-1,-1,0,19.1171,0,19.1171,0
12.7156,noisy,-1,-1,-1,0,19.1267,0,19.1267,0
12.7239,noisy,-1,-1,-1,0,19.136,0,19.136,0
12.7323,noisy,-1,-1,-1,0,19.1451,0,19.1451,0
12.7407,noisy,-1,-1,-1,0,19.1539,0,19.1539,0
12.7489,noisy,-1,-1,-1,0,19.1622,0,19.1622,0
12.7572,noisy,-1,-1,-1,0,19.1704,0,19.1704,0
12.7657,noisy,-1,-1,-1,0,19.1785,0,19.1785,0
12.7739,noisy,-1,-1,-1,0,19.1861,0,19.1861,0
12.7824,noisy,-1,-1,-1,0,19.1939,0,19.1939,0
12.7905,noisy,-1,-1,-1,0,19.201,0,19.201,0
12.799,noisy,-1,-1,-1,0,19.2082,0,19.2082,0
12.8073,noisy,-1,-1,-1,0,19.2151,0,19.2151,0
12.8156,noisy,-1,-1,-1,0,19.2217,0,19.2217,0
12.8243,noisy,-1,-1,-1,0,19.2285,0,19.2285,0
12.8321,noisy,-1,-1,-1,0,19.2344,0,19.2344,0
12.8405,noisy,-1,-1,-1,0,19.2406,0,19.2406,0
12.8489,noisy,-1,-1,-1,0,19.2466,0,19.2466,0
12.8572,noisy,-1,-1,-1,0,19.2523,0,19.2523,0
12.8655,noisy,-1,-1,-1,0,19.2579,0,19.2579,0
12.874,noisy,-1,-1,-1,0,19.2634,0,19.2634,0
12.8822,noisy,-1,-1,-1,0,19.2687,0,19.2687,0
12.8906,noisy,-1,-1,-1,0,19.2738,0,19.2738,0
12.8995,noisy,-1,-1,-1,0,19.2792,0,19.2792,0
12.9072,noisy,-1,-1,-1,0,19.2836,0,19.2836,0
12.9157,noisy,-1,-1,-1,0,19.2883,0,19.2883,0
12.9238,noisy,-1,-1,-1,0,19.2928,0,19.2928,0
12.9322,noisy,-1,-1,-1,0,19.2972,0,19.2972,0
12.9405,noisy,-1,-1,-1,0,19.3015,0,19.3015,0
12.9489,noisy,-1,-1,-1,0,19.3058,0,19.3058,0
12.9575,noisy,-1,-1,-1,0,19.3099,0,19.3099,0
12.9657,noisy,-1,-1,-1,0,19.3138,0,19.3138,0
12.9739,noisy,-1,-1,-1,0,19.3175,0,19.3175,0
12.9822,noisy,-1,-1,-1,0,19.3212,0,19.3212,0
12.9906,noisy,-1,-1,-1,0,19.3248,0,19.3248,0
12.9989,noisy,-1,-1,-1,0,19.3283,0,19.3283,0
13.0072,noisy,-1,-1,-1,0,19.3317,0,19.3317,0
13.0156,noisy,-1,-1,-1,0,19.335,0,19.335,0
13.0238,noisy,-1,-1,-1,0,19.3381,0,19.3381,0
13.0322,noisy,-1,-1,-1,0,19.3413,0,19.3413,0
13.0405,noisy,-1,-1,-1,0,19.3443,0,19.3443,0
13.0489,noisy,-1,-1,-1,0,19.3472,0,19.3472,0
13.0572,noisy,-1,-1,-1,0,19.35,0,19.35,0
13.0656,noisy,-1,-1,-1,0,19.3528,0,19.3528,0
13.0739,noisy,-1,-1,-1,0,19.3555,0,19.3555,0
13.0823,noisy,-1,-1,-1,0,19.3581,0,19.3581,0
13.0907,noisy,-1,-1,-1,0,19.3606,0,19.3606,0
13.099,noisy,-1,-1,-1,0,19.3631,0,19.3631,0
13.1073,noisy,-1,-1,-1,0,19.3654,0,19.3654,0
13.1158,noisy,-1,-1,-1,0,19.3678,0,19.3678,0
13.1238,noisy,-1,-1,-1,0,19.3699,0,19.3699,0
13.1322,noisy,-1,-1,-1,0,19.3721,0,19.3721,0
13.1405,noisy,-1,-1,-1,0,19.3742,0,19.3742,0
13.1488,noisy,-1,-1,-1,0,19.3763,0,19.3763,0
13.1571,noisy,-1,-1,-1,0,19.3782,0,19.3782,0
13.1656,noisy,-1,-1,-1,0,19.3802,0,19.3802,0
13.1739,noisy,-1,-1,-1,0,19.3821,0,19.3821,0
13.1822,noisy,-1,-1,-1,0,19.3839,0,19.3839,0
13.1905,noisy,-1,-1,-1,0,19.3856,0,19.3856,0
13.1988,noisy,-1,-1,-1,0,19.3874,0,19.3874,0
13.2072,noisy,-1,-1,-1,0,19.389,0,19.389,0
13.2156,noisy,-1,-1,-1,0,19.3907,0,19.3907,0
13.2239,noisy,-1,-1,-1,0,19.3922,0,19.3922,0
13.2321,noisy,-1,-1,-1,0,19.3937,0,19.3937,0
13.2406,noisy,-1,-1,-1,0,19.3952,0,19.3952,0
13.2489,noisy,-1,-1,-1,0,19.3967,0,19.3967,0
13.2573,noisy,-1,-1,-1,0,19.3981,0,19.3981,0
13.2656,noisy,-1,-1,-1,0,19.3994,0,19.3994,0
13.2739,noisy,-1,-1,-1,0,19.4007,0,19.4007,0
13.2822,noisy,-1,-1,-1,0,19.402,0,19.402,0
13.2917,noisy,-1,-1,-1,0,19.4034,0,19.4034,0
13.2991,noisy,-1,-1,-1,0,19.4045,0,19.4045,0
13.3075,noisy,-1,-1,-1,0,19.4056,0,19.4056,0
13.3157,noisy,-1,-1,-1,0,19.4068,0,19.4068,0
13.3239,noisy,-1,-1,-1,0,19.4078,0,19.4078,0
13.3323,noisy,-1,-1,-1,0,19.4089,0,19.4089,0
13.3407,noisy,-1,-1,-1,0,19.4099,0,19.4099,0
13.3489,noisy,-1,-1,-1,0,19.4109,0,19.4109,0
