time,controller,ego_id,object_id,object_type,object_category,detected,distance,bearing_deg,relative_x,relative_y,relative_z,object_speed,object_heading_deg,lane_id,sensor_near_range,sensor_far_range,sensor_fov_deg,controller_state,aeb_target_id,ttc,ego_speed,commanded_speed,true_distance,perceived_distance,distance_error
0.000000,scenario-defined,0,1,vehicle,7,0,62.841565,27.482522,55.749998,29.000000,-0.500000,0.000000,-90.000057,-1,1.0,100.0,70.0,MONITORING,,,8.333333,8.333333,62.841565,62.841565,0.000000
0.000000,scenario-defined,0,2,vehicle,0,0,56.579402,18.755505,53.574993,18.192000,-0.500000,0.000000,-90.000057,-1,1.0,100.0,70.0,MONITORING,,,8.333333,8.333333,56.579402,56.579402,0.000000
0.000000,scenario-defined,0,3,vehicle,0,0,58.242459,23.056502,53.589998,22.810000,-0.500000,0.000000,-90.000057,-1,1.0,100.0,70.0,MONITORING,,,8.333333,8.333333,58.242459,58.242459,0.000000
0.050000,scenario-defined,0,1,vehicle,7,1,62.472214,27.658872,55.333331,29.000000,-0.500000,0.000000,-90.000057,-1,1.0,100.0,70.0,MONITORING,,,8.333333,8.333333,62.472214,62.356942,-0.115272
0.050000,scenario-defined,0,2,vehicle,0,1,56.185021,18.892124,53.158327,18.192000,-0.500000,0.000000,-90.000057,-1,1.0,100.0,70.0,MONITORING,,,8.333333,8.333333,56.185021,56.046698,-0.138323
0.050000,scenario-defined,0,3,vehicle,0,1,57.859306,23.218095,53.173331,22.810000,-0.500000,0.000000,-90.000057,-1,1.0,100.0,70.0,MONITORING,,,8.333333,8.333333,57.859306,57.770253,-0.089053
0.100000,scenario-defined,0,1,vehicle,7,1,62.103463,27.837318,54.916665,29.000000,-0.500000,0.000000,-90.000057,-1,1.0,100.0,70.0,MONITORING,,,8.333333,8.333333,62.103463,62.665050,0.561587
0.100000,scenario-defined,0,2,vehicle,0,1,55.790963,19.030675,52.741660,18.192000,-0.500000,0.000000,-90.000057,-1,1.0,100.0,70.0,MONITORING,,,8.333333,8.333333,55.790963,55.688893,-0.102071
0.100000,scenario-defined,0,3,vehicle,0,1,57.476619,23.381842,52.756665,22.810000,-0.500000,0.000000,-90.000057,-1,1.0,100.0,70.0,MONITORING,,,8.333333,8.333333,57.476619,56.278737,-1.197883
0.150000,scenario-defined,0,1,vehicle,7,1,61.735320,28.017894,54.499998,29.000000,-0.500000,0.000000,-90.000057,-1,1.0,100.0,70.0,MONITORING,,,8.333333,8.333333,61.735320,62.001175,0.265855
0.150000,scenario-defined,0,2,vehicle,0,1,55.397236,19.171195,52.324993,18.192000,-0.500000,0.000000,-90.000057,-1,1.0,100.0,70.0,MONITORING,,,8.333333,8.333333,55.397236,55.183366,-0.213870
0.150000,scenario-defined,0,3,vehicle,0,1,57.094409,23.547783,52.339998,22.810000,-0.500000,0.000000,-90.000057,-1,1.0,100.0,70.0,MONITORING,,,8.333333,8.333333,57.094409,56.920842,-0.173567
0.200000,scenario-defined,0,1,vehicle,7,1,61.367799,28.200635,54.083331,29.000000,-0.500000,0.000000,-90.000057,-1,1.0,100.0,70.0,MONITORING,,,8.333333,8.333333,61.367799,61.460507,0.092708
0.200000,scenario-defined,0,2,vehicle,0,1,55.003848,19.313727,51.908327,18.192000,-0.500000,0.000000,-90.000057,-1,1.0,100.0,70.0,MONITORING,,,8.333333,8.333333,55.003848,55.189686,0.185838
0.200000,scenario-defined,0,3,vehicle,0,1,56.712683,23.715959,51.923331,22.810000,-0.500000,0.000000,-90.000057,-1,1.0,100.0,70.0,MONITORING,,,8.333333,8.333333,56.712683,57.643530,0.930847
0.250000,scenario-defined,0,1,vehicle,7,1,61.000909,28.385576,53.666665,29.000000,-0.500000,0.000000,-90.000057,-1,1.0,100.0,70.0,MONITORING,,,8.333333,8.333333,61.000909,61.526218,0.525309
0.250000,scenario-defined,0,2,vehicle,0,1,54.610804,19.458311,51.491660,18.192000,-0.500000,0.000000,-90.000057,-1,1.0,100.0,70.0,MONITORING,,,8.333333,8.333333,54.610804,54.699210,0.088406
0.250000,scenario-defined,0,3,vehicle,0,1,56.331453,23.886412,51.506665,22.810000,-0.500000,0.000000,-90.000057,-1,1.0,100.0,70.0,MONITORING,,,8.333333,8.333333,56.331453,55.740796,-0.590657
0.300000,scenario-defined,0,1,vehicle,7,1,60.634663,28.572754,53.249998,29.000000,-0.500000,0.000000,-90.000057,-1,1.0,100.0,70.0,MONITORING,,,8.333333,8.333333,60.634663,59.822933,-0.811730
0.300000,scenario-defined,0,2,vehicle,0,1,54.218113,19.604991,51.074993,18.192000,-0.500000,0.000000,-90.000057,-1,1.0,100.0,70.0,MONITORING,,,8.333333,8.333333,54.218113,54.415187,0.197074
0.300000,scenario-defined,0,3,vehicle,0,1,55.950728,24.059187,51.089998,22.810000,-0.500000,0.000000,-90.000057,-1,1.0,100.0,70.0,MONITORING,,,8.333333,8.333333,55.950728,56.999593,1.048865
0.350000,scenario-defined,0,1,vehicle,7,1,60.269071,28.762204,52.833331,29.000000,-0.500000,0.000000,-90.000057,-1,1.0,100.0,70.0,MONITORING,,,8.333333,8.333333,60.269071,60.302396,0.033325
0.350000,scenario-defined,0,2,vehicle,0,1,53.825783,19.753809,50.658327,18.192000,-0.500000,0.000000,-90.000057,-1,1.0,100.0,70.0,MONITORING,,,8.333333,8.333333,53.825783,53.740725,-0.085059
0.350000,scenario-defined,0,3,vehicle,0,1,55.570519,24.234328,50.673331,22.810000,-0.500000,0.000000,-90.000057,-1,1.0,100.0,70.0,MONITORING,,,8.333333,8.333333,55.570519,55.995940,0.425421
0.400000,scenario-defined,0,1,vehicle,7,1,59.904146,28.953964,52.416665,29.000000,-0.500000,0.000000,-90.000057,-1,1.0,100.0,70.0,MONITORING,,,8.333333,8.333333,59.904146,58.741310,-1.162836
0.400000,scenario-defined,0,2,vehicle,0,1,53.433822,19.904812,50.241660,18.192000,-0.500000,0.000000,-90.000057,-1,1.0,100.0,70.0,MONITORING,,,8.333333,8.333333,53.433822,53.184000,-0.249822
0.400000,scenario-defined,0,3,vehicle,0,1,55.190837,24.411880,50.256665,22.810000,-0.500000,0.000000,-90.000057,-1,1.0,100.0,70.0,MONITORING,,,8.333333,8.333333,55.190837,55.583127,0.392290
0.450000,scenario-defined,0,1,vehicle,7,1,59.539901,29.148073,51.999998,29.000000,-0.500000,0.000000,-90.000057,-1,1.0,100.0,70.0,MONITORING,,,8.333333,8.333333,59.539901,60.238624,0.698724
0.450000,scenario-defined,0,2,vehicle,0,1,53.042236,20.058046,49.824994,18.192000,-0.500000,0.000000,-90.000057,-1,1.0,100.0,70.0,MONITORING,,,8.333333,8.333333,53.042236,52.849733,-0.192504
0.450000,scenario-defined,0,3,vehicle,0,1,54.811691,24.591890,49.839998,22.810000,-0.500000,0.000000,-90.000057,-1,1.0,100.0,70.0,MONITORING,,,8.333333,8.333333,54.811691,55.112971,0.301280
0.500000,scenario-defined,0,1,vehicle,7,1,59.176347,29.344569,51.583332,29.000000,-0.500000,0.000000,-90.000057,-1,1.0,100.0,70.0,MONITORING,,,8.333333,8.333333,59.176347,59.374918,0.198571
0.500000,scenario-defined,0,2,vehicle,0,1,52.651036,20.213558,49.408327,18.192000,-0.500000,0.000000,-90.000057,-1,1.0,100.0,70.0,MONITORING,,,8.333333,8.333333,52.651036,53.276898,0.625861
0.500000,scenario-defined,0,3,vehicle,0,1,54.433095,24.774406,49.423332,22.810000,-0.500000,0.000000,-90.000057,-1,1.0,100.0,70.0,MONITORING,,,8.333333,8.333333,54.433095,53.542517,-0.890578
0.550000,scenario-defined,0,1,vehicle,7,1,58.811061,29.539302,51.166665,28.995057,-0.500000,0.098867,-90.000057,-1,1.0,100.0,70.0,MONITORING,,,8.333333,8.333333,58.811061,59.265662,0.454601
0.550000,scenario-defined,0,2,vehicle,0,1,52.260230,20.371397,48.991660,18.192000,-0.500000,0.000000,-90.000057,-1,1.0,100.0,70.0,MONITORING,,,8.333333,8.333333,52.260230,51.048614,-1.211616
0.550000,scenario-defined,0,3,vehicle,0,1,54.055058,24.959477,49.006665,22.810000,-0.500000,0.000000,-90.000057,-1,1.0,100.0,70.0,MONITORING,,,8.333333,8.333333,54.055058,51.959102,-2.095956
0.600000,scenario-defined,0,1,vehicle,7,1,58.443396,29.731204,50.749998,28.983931,-0.500000,0.222510,-90.000057,-1,1.0,100.0,70.0,MONITORING,,,8.333333,8.333333,58.443396,57.957884,-0.485513
0.600000,scenario-defined,0,2,vehicle,0,1,51.869826,20.531613,48.574994,18.192000,-0.500000,0.000000,-90.000057,-1,1.0,100.0,70.0,MONITORING,,,8.333333,8.333333,51.869826,51.137178,-0.732648
0.600000,scenario-defined,0,3,vehicle,0,1,53.677593,25.147153,48.589998,22.810000,-0.500000,0.000000,-90.000057,-1,1.0,100.0,70.0,MONITORING,,,8.333333,8.333333,53.677593,54.378403,0.700810
0.650000,scenario-defined,0,1,vehicle,7,1,58.073312,29.920248,50.333332,28.966624,-0.500000,0.346152,-90.000057,-1,1.0,100.0,70.0,MONITORING,,,8.333333,8.333333,58.073312,58.604725,0.531413
0.650000,scenario-defined,0,2,vehicle,0,1,51.479834,20.694258,48.158327,18.192000,-0.500000,0.000000,-90.000057,-1,1.0,100.0,70.0,MONITORING,,,8.333333,8.333333,51.479834,50.504574,-0.975260
0.650000,scenario-defined,0,3,vehicle,0,1,53.300713,25.337485,48.173332,22.810000,-0.500000,0.000000,-90.000057,-1,1.0,100.0,70.0,MONITORING,,,8.333333,8.333333,53.300713,53.978602,0.677889
0.700000,scenario-defined,0,1,vehicle,7,1,57.700766,30.106405,49.916665,28.943134,-0.500000,0.469795,-90.000057,-1,1.0,100.0,70.0,MONITORING,,,8.333333,8.333333,57.700766,56.899004,-0.801762
0.700000,scenario-defined,0,2,vehicle,0,1,51.090263,20.859385,47.741660,18.192000,-0.500000,0.000000,-90.000057,-1,1.0,100.0,70.0,MONITORING,,,8.333333,8.333333,51.090263,51.021268,-0.068995
0.700000,scenario-defined,0,3,vehicle,0,1,52.924429,25.530525,47.756665,22.810000,-0.500000,0.000000,-90.000057,-1,1.0,100.0,70.0,MONITORING,,,8.333333,8.333333,52.924429,52.689309,-0.235120
0.750000,scenario-defined,0,1,vehicle,7,1,57.325719,30.289643,49.499998,28.913462,-0.500000,0.593437,-90.000057,-1,1.0,100.0,70.0,MONITORING,,,8.333333,8.333333,57.325719,57.417255,0.091536
0.750000,scenario-defined,0,2,vehicle,0,1,50.701123,21.027047,47.324994,18.192000,-0.500000,0.000000,-90.000057,-1,1.0,100.0,70.0,MONITORING,,,8.333333,8.333333,50.701123,51.356032,0.654909
0.750000,scenario-defined,0,3,vehicle,0,1,52.548754,25.726328,47.339998,22.810000,-0.500000,0.000000,-90.000057,-1,1.0,100.0,70.0,MONITORING,,,8.333333,8.333333,52.548754,53.059485,0.510731
0.800000,scenario-defined,0,1,vehicle,7,1,56.948131,30.469933,49.083332,28.877608,-0.500000,0.717080,-90.000057,-1,1.0,100.0,70.0,MONITORING,,,8.333333,8.333333,56.948131,57.228040,0.279908
0.800000,scenario-defined,0,2,vehicle,0,1,50.312424,21.197302,46.908327,18.192000,-0.500000,0.000000,-90.000057,-1,1.0,100.0,70.0,MONITORING,,,8.333333,8.333333,50.312424,50.832382,0.519958
0.800000,scenario-defined,0,3,vehicle,0,1,52.173702,25.924948,46.923332,22.810000,-0.500000,0.000000,-90.000057,-1,1.0,100.0,70.0,MONITORING,,,8.333333,8.333333,52.173702,52.556495,0.382794
0.850000,scenario-defined,0,1,vehicle,7,1,56.567963,30.647241,48.666665,28.835572,-0.500000,0.840722,-90.000057,-1,1.0,100.0,70.0,MONITORING,,,8.333333,8.333333,56.567963,56.066375,-0.501588
0.850000,scenario-defined,0,2,vehicle,0,1,49.924176,21.370207,46.491660,18.192000,-0.500000,0.000000,-90.000057,-1,1.0,100.0,70.0,MONITORING,,,8.333333,8.333333,49.924176,49.708965,-0.215211
0.850000,scenario-defined,0,3,vehicle,0,1,51.799286,26.126442,46.506665,22.810000,-0.500000,0.000000,-90.000057,-1,1.0,100.0,70.0,MONITORING,,,8.333333,8.333333,51.799286,51.423311,-0.375975
0.900000,scenario-defined,0,1,vehicle,7,1,56.185177,30.821532,48.249998,28.787354,-0.500000,0.964365,-90.000057,-1,1.0,100.0,70.0,MONITORING,,,8.333333,8.333333,56.185177,56.584638,0.399461
0.900000,scenario-defined,0,2,vehicle,0,1,49.536390,21.545820,46.074994,18.192000,-0.500000,0.000000,-90.000057,-1,1.0,100.0,70.0,MONITORING,,,8.333333,8.333333,49.536390,49.461355,-0.075035
0.900000,scenario-defined,0,3,vehicle,0,1,51.425519,26.330868,46.089998,22.810000,-0.500000,0.000000,-90.000057,-1,1.0,100.0,70.0,MONITORING,,,8.333333,8.333333,51.425519,53.294123,1.868603
0.950000,scenario-defined,0,1,vehicle,7,1,55.799733,30.992772,47.833332,28.732953,-0.500000,1.088007,-90.000057,-1,1.0,100.0,70.0,MONITORING,,,8.333333,8.333333,55.799733,55.144299,-0.655434
0.950000,scenario-defined,0,2,vehicle,0,1,49.149076,21.724203,45.658327,18.192000,-0.500000,0.000000,-90.000057,-1,1.0,100.0,70.0,MONITORING,,,8.333333,8.333333,49.149076,48.819414,-0.329662
0.950000,scenario-defined,0,3,vehicle,0,1,51.052417,26.538284,45.673332,22.810000,-0.500000,0.000000,-90.000057,-1,1.0,100.0,70.0,MONITORING,,,8.333333,8.333333,51.052417,51.667196,0.614779
1.000000,scenario-defined,0,1,vehicle,7,1,55.411596,31.160923,47.416665,28.672371,-0.500000,1.211650,-90.000057,-1,1.0,100.0,70.0,MONITORING,,,8.333333,8.333333,55.411596,56.549076,1.137480
1.000000,scenario-defined,0,2,vehicle,0,1,48.762247,21.905417,45.241660,18.192000,-0.500000,0.000000,-90.000057,-1,1.0,100.0,70.0,MONITORING,,,8.333333,8.333333,48.762247,48.913954,0.151708
1.000000,scenario-defined,0,3,vehicle,0,1,50.679994,26.748751,45.256665,22.810000,-0.500000,0.000000,-90.000057,-1,1.0,100.0,70.0,MONITORING,,,8.333333,8.333333,50.679994,51.348648,0.668654
1.050000,scenario-defined,0,1,vehicle,7,1,55.020728,31.325946,46.999998,28.605606,-0.500000,1.335292,-90.000057,-1,1.0,100.0,70.0,MONITORING,,,8.333333,8.333333,55.020728,56.161804,1.141076
1.050000,scenario-defined,0,2,vehicle,0,1,48.375913,22.089528,44.824994,18.192000,-0.500000,0.000000,-90.000057,-1,1.0,100.0,70.0,MONITORING,,,8.333333,8.333333,48.375913,48.347704,-0.028208
1.050000,scenario-defined,0,3,vehicle,0,1,50.308265,26.962332,44.839998,22.810000,-0.500000,0.000000,-90.000057,-1,1.0,100.0,70.0,MONITORING,,,8.333333,8.333333,50.308265,49.169898,-1.138367
1.100000,scenario-defined,0,1,vehicle,7,1,54.627094,31.487799,46.583332,28.532659,-0.500000,1.458934,-90.000057,-1,1.0,100.0,70.0,MONITORING,,,8.333333,8.333333,54.627094,54.201433,-0.425661
1.100000,scenario-defined,0,2,vehicle,0,1,47.990086,22.276602,44.408327,18.192000,-0.500000,0.000000,-90.000057,-1,1.0,100.0,70.0,MONITORING,,,8.333333,8.333333,47.990086,48.275955,0.285869
1.100000,scenario-defined,0,3,vehicle,0,1,49.937246,27.179089,44.423332,22.810000,-0.500000,0.000000,-90.000057,-1,1.0,100.0,70.0,MONITORING,,,8.333333,8.333333,49.937246,49.504142,-0.433104
1.150000,scenario-defined,0,1,vehicle,7,1,54.230659,31.646441,46.166665,28.453531,-0.500000,1.582577,-90.000057,-1,1.0,100.0,70.0,MONITORING,,,8.333333,8.333333,54.230659,54.257484,0.026825
1.150000,scenario-defined,0,2,vehicle,0,1,47.604780,22.466705,43.991660,18.192000,-0.500000,0.000000,-90.000057,-1,1.0,100.0,70.0,MONITORING,,,8.333333,8.333333,47.604780,47.680751,0.075971
1.150000,scenario-defined,0,3,vehicle,0,1,49.566951,27.399088,44.006665,22.810000,-0.500000,0.000000,-90.000057,-1,1.0,100.0,70.0,MONITORING,,,8.333333,8.333333,49.566951,49.472274,-0.094678
1.200000,scenario-defined,0,1,vehicle,7,1,53.831387,31.801826,45.749998,28.368220,-0.500000,1.706219,-90.000057,-1,1.0,100.0,70.0,MONITORING,,,8.333333,8.333333,53.831387,54.410293,0.578906
1.200000,scenario-defined,0,2,vehicle,0,1,47.220006,22.659909,43.574994,18.192000,-0.500000,0.000000,-90.000057,-1,1.0,100.0,70.0,MONITORING,,,8.333333,8.333333,47.220006,47.394240,0.174234
1.200000,scenario-defined,0,3,vehicle,0,1,49.197399,27.622396,43.589998,22.810000,-0.500000,0.000000,-90.000057,-1,1.0,100.0,70.0,MONITORING,,,8.333333,8.333333,49.197399,49.893821,0.696423
1.250000,scenario-defined,0,1,vehicle,7,1,53.429245,31.953908,45.333332,28.276727,-0.500000,1.829862,-90.000057,-1,1.0,100.0,70.0,MONITORING,,,8.333333,8.333333,53.429245,53.925219,0.495974
1.250000,scenario-defined,0,2,vehicle,0,1,46.835778,22.856286,43.158327,18.192000,-0.500000,0.000000,-90.000057,-1,1.0,100.0,70.0,MONITORING,,,8.333333,8.333333,46.835778,46.652957,-0.182821
1.250000,scenario-defined,0,3,vehicle,0,1,48.828605,27.849080,43.173332,22.810000,-0.500000,0.000000,-90.000057,-1,1.0,100.0,70.0,MONITORING,,,8.333333,8.333333,48.828605,48.660066,-0.168539
1.300000,scenario-defined,0,1,vehicle,7,1,53.024200,32.102637,44.916665,28.179051,-0.500000,1.953504,-90.000057,-1,1.0,100.0,70.0,MONITORING,,,8.333333,8.333333,53.024200,52.358935,-0.665265
1.300000,scenario-defined,0,2,vehicle,0,1,46.452109,23.055908,42.741660,18.192000,-0.500000,0.000000,-90.000057,-1,1.0,100.0,70.0,MONITORING,,,8.333333,8.333333,46.452109,46.737791,0.285682
1.300000,scenario-defined,0,3,vehicle,0,1,48.460587,28.079211,42.756665,22.810000,-0.500000,0.000000,-90.000057,-1,1.0,100.0,70.0,MONITORING,,,8.333333,8.333333,48.460587,48.290537,-0.170050
1.350000,scenario-defined,0,1,vehicle,7,1,52.616218,32.247961,44.499998,28.075194,-0.500000,2.077147,-90.000057,-1,1.0,100.0,70.0,MONITORING,,,8.333333,8.333333,52.616218,52.560009,-0.056209
1.350000,scenario-defined,0,2,vehicle,0,1,46.069013,23.258853,42.324994,18.192000,-0.500000,0.000000,-90.000057,-1,1.0,100.0,70.0,MONITORING,,,8.333333,8.333333,46.069013,46.293804,0.224791
1.350000,scenario-defined,0,3,vehicle,0,1,48.093363,28.312860,42.339998,22.810000,-0.500000,0.000000,-90.000057,-1,1.0,100.0,70.0,MONITORING,,,8.333333,8.333333,48.093363,47.876324,-0.217039
1.400000,scenario-defined,0,1,vehicle,7,1,52.205268,32.389827,44.083332,27.965155,-0.500000,2.200789,-90.000057,-1,1.0,100.0,70.0,MONITORING,,,8.333333,8.333333,52.205268,51.970342,-0.234926
1.400000,scenario-defined,0,2,vehicle,0,1,45.686505,23.465199,41.908327,18.192000,-0.500000,0.000000,-90.000057,-1,1.0,100.0,70.0,MONITORING,,,8.333333,8.333333,45.686505,45.134119,-0.552386
1.400000,scenario-defined,0,3,vehicle,0,1,47.726951,28.550100,41.923332,22.810000,-0.500000,0.000000,-90.000057,-1,1.0,100.0,70.0,MONITORING,,,8.333333,8.333333,47.726951,47.402207,-0.324744
1.450000,scenario-defined,0,1,vehicle,7,1,51.791319,32.528177,43.666665,27.848933,-0.500000,2.324432,-90.000057,-1,1.0,100.0,70.0,MONITORING,,,8.333333,8.333333,51.791319,51.337130,-0.454189
1.450000,scenario-defined,0,2,vehicle,0,1,45.304600,23.675027,41.491661,18.192000,-0.500000,0.000000,-90.000057,-1,1.0,100.0,70.0,MONITORING,,,8.333333,8.333333,45.304600,45.429328,0.124728
1.450000,scenario-defined,0,3,vehicle,0,1,47.361370,28.791008,41.506665,22.810000,-0.500000,0.000000,-90.000057,-1,1.0,100.0,70.0,MONITORING,,,8.333333,8.333333,47.361370,47.719418,0.358048
1.500000,scenario-defined,0,1,vehicle,7,1,51.374340,32.662951,43.249999,27.726529,-0.500000,2.448074,-90.000057,-1,1.0,100.0,70.0,MONITORING,,,8.333333,8.333333,51.374340,51.359566,-0.014773
1.500000,scenario-defined,0,2,vehicle,0,1,44.923312,23.888419,41.074994,18.192000,-0.500000,0.000000,-90.000057,-1,1.0,100.0,70.0,MONITORING,,,8.333333,8.333333,44.923312,45.001722,0.078409
1.500000,scenario-defined,0,3,vehicle,0,1,46.996639,29.035659,41.089999,22.810000,-0.500000,0.000000,-90.000057,-1,1.0,100.0,70.0,MONITORING,,,8.333333,8.333333,46.996639,47.047030,0.050391
1.550000,scenario-defined,0,1,vehicle,7,1,50.954301,32.794088,42.833332,27.597943,-0.500000,2.571717,-90.000057,-1,1.0,100.0,70.0,MONITORING,,,8.333333,8.333333,50.954301,51.822094,0.867793
1.550000,scenario-defined,0,2,vehicle,0,1,44.542659,24.105462,40.658327,18.192000,-0.500000,0.000000,-90.000057,-1,1.0,100.0,70.0,MONITORING,,,8.333333,8.333333,44.542659,44.810665,0.268007
1.550000,scenario-defined,0,3,vehicle,0,1,46.632778,29.284132,40.673332,22.810000,-0.500000,0.000000,-90.000057,-1,1.0,100.0,70.0,MONITORING,,,8.333333,8.333333,46.632778,46.714886,0.082108
1.600000,scenario-defined,0,1,vehicle,7,1,50.531173,32.921520,42.416665,27.463175,-0.500000,2.695359,-90.000057,-1,1.0,100.0,70.0,MONITORING,,,8.333333,8.333333,50.531173,49.722418,-0.808755
1.600000,scenario-defined,0,2,vehicle,0,1,44.162655,24.326242,40.241661,18.192000,-0.500000,0.000000,-90.000057,-1,1.0,100.0,70.0,MONITORING,,,8.333333,8.333333,44.162655,44.433671,0.271016
1.600000,scenario-defined,0,3,vehicle,0,1,46.269809,29.536509,40.256665,22.810000,-0.500000,0.000000,-90.000057,-1,1.0,100.0,70.0,MONITORING,,,8.333333,8.333333,46.269809,46.384123,0.114314
1.650000,scenario-defined,0,1,vehicle,7,1,50.104929,33.045178,41.999999,27.322225,-0.500000,2.819001,-90.000057,-1,1.0,100.0,70.0,MONITORING,,,8.333333,8.333333,50.104929,51.086482,0.981553
1.650000,scenario-defined,0,2,vehicle,0,1,43.783319,24.550852,39.824994,18.192000,-0.500000,0.000000,-90.000057,-1,1.0,100.0,70.0,MONITORING,,,8.333333,8.333333,43.783319,43.774347,-0.008972
1.650000,scenario-defined,0,3,vehicle,0,1,45.907751,29.792871,39.839999,22.810000,-0.500000,0.000000,-90.000057,-1,1.0,100.0,70.0,MONITORING,,,8.333333,8.333333,45.907751,46.493681,0.585930
1.700000,scenario-defined,0,1,vehicle,7,1,49.675539,33.164988,41.583332,27.175093,-0.500000,2.942644,-90.000057,-1,1.0,100.0,70.0,MONITORING,,,8.333333,8.333333,49.675539,49.567876,-0.107663
1.700000,scenario-defined,0,2,vehicle,0,1,43.404667,24.779385,39.408327,18.192000,-0.500000,0.000000,-90.000057,-1,1.0,100.0,70.0,MONITORING,,,8.333333,8.333333,43.404667,43.882585,0.477918
1.700000,scenario-defined,0,3,vehicle,0,1,45.546627,30.053304,39.423332,22.810000,-0.500000,0.000000,-90.000057,-1,1.0,100.0,70.0,MONITORING,,,8.333333,8.333333,45.546627,45.581162,0.034536
1.750000,scenario-defined,0,1,vehicle,7,1,49.242978,33.280875,41.166665,27.021779,-0.500000,3.066286,-90.000057,-1,1.0,100.0,70.0,MONITORING,,,8.333333,8.333333,49.242978,49.088097,-0.154881
1.750000,scenario-defined,0,2,vehicle,0,1,43.026718,25.011936,38.991661,18.192000,-0.500000,0.000000,-90.000057,-1,1.0,100.0,70.0,MONITORING,,,8.333333,8.333333,43.026718,42.688184,-0.338534
1.750000,scenario-defined,0,3,vehicle,0,1,45.186459,30.317894,39.006665,22.810000,-0.500000,0.000000,-90.000057,-1,1.0,100.0,70.0,MONITORING,,,8.333333,8.333333,45.186459,45.141149,-0.045309
1.800000,scenario-defined,0,1,vehicle,7,1,48.807219,33.392757,40.749999,26.862282,-0.500000,3.189929,-90.000057,-1,1.0,100.0,70.0,MONITORING,,,8.333333,8.333333,48.807219,49.234215,0.426996
1.800000,scenario-defined,0,2,vehicle,0,1,42.649490,25.248605,38.574994,18.192000,-0.500000,0.000000,-90.000057,-1,1.0,100.0,70.0,MONITORING,,,8.333333,8.333333,42.649490,42.894403,0.244912
1.800000,scenario-defined,0,3,vehicle,0,1,44.827270,30.586730,38.589999,22.810000,-0.500000,0.000000,-90.000057,-1,1.0,100.0,70.0,MONITORING,,,8.333333,8.333333,44.827270,45.033935,0.206665
1.850000,scenario-defined,0,1,vehicle,7,1,48.368237,33.500547,40.333332,26.696604,-0.500000,3.313571,-90.000057,-1,1.0,100.0,70.0,MONITORING,,,8.333333,8.333333,48.368237,47.655475,-0.712762
1.850000,scenario-defined,0,2,vehicle,0,1,42.273003,25.489493,38.158327,18.192000,-0.500000,0.000000,-90.000057,-1,1.0,100.0,70.0,MONITORING,,,8.333333,8.333333,42.273003,42.486293,0.213289
1.850000,scenario-defined,0,3,vehicle,0,1,44.469083,30.859903,38.173332,22.810000,-0.500000,0.000000,-90.000057,-1,1.0,100.0,70.0,MONITORING,,,8.333333,8.333333,44.469083,44.635839,0.166756
1.900000,scenario-defined,0,1,vehicle,7,1,47.926007,33.604157,39.916665,26.524743,-0.500000,3.437214,-90.000057,-1,1.0,100.0,70.0,MONITORING,,,8.333333,8.333333,47.926007,47.761029,-0.164978
1.900000,scenario-defined,0,2,vehicle,0,1,41.897277,25.734707,37.741661,18.192000,-0.500000,0.000000,-90.000057,-1,1.0,100.0,70.0,MONITORING,,,8.333333,8.333333,41.897277,41.709062,-0.188215
1.900000,scenario-defined,0,3,vehicle,0,1,44.111924,31.137506,37.756665,22.810000,-0.500000,0.000000,-90.000057,-1,1.0,100.0,70.0,MONITORING,,,8.333333,8.333333,44.111924,44.111231,-0.000693
1.950000,scenario-defined,0,1,vehicle,7,1,47.480507,33.703490,39.499999,26.346700,-0.500000,3.560856,-90.000057,-1,1.0,100.0,70.0,MONITORING,,,8.333333,8.333333,47.480507,47.997970,0.517463
1.950000,scenario-defined,0,2,vehicle,0,1,41.522332,25.984353,37.324994,18.192000,-0.500000,0.000000,-90.000057,-1,1.0,100.0,70.0,MONITORING,,,8.333333,8.333333,41.522332,41.205802,-0.316530
1.950000,scenario-defined,0,3,vehicle,0,1,43.755818,31.419635,37.339999,22.810000,-0.500000,0.000000,-90.000057,-1,1.0,100.0,70.0,MONITORING,,,8.333333,8.333333,43.755818,43.627476,-0.128342
2.000000,scenario-defined,0,1,vehicle,7,1,47.031712,33.798446,39.083332,26.162475,-0.500000,3.684499,-90.000057,-1,1.0,100.0,70.0,MONITORING,,,8.333333,8.333333,47.031712,47.440248,0.408535
2.000000,scenario-defined,0,2,vehicle,0,1,41.148189,26.238545,36.908327,18.192000,-0.500000,0.000000,-90.000057,-1,1.0,100.0,70.0,MONITORING,,,8.333333,8.333333,41.148189,41.014344,-0.133845
2.000000,scenario-defined,0,3,vehicle,0,1,43.400790,31.706386,36.923332,22.810000,-0.500000,0.000000,-90.000057,-1,1.0,100.0,70.0,MONITORING,,,8.333333,8.333333,43.400790,43.291514,-0.109275
2.050000,scenario-defined,0,1,vehicle,7,1,46.579602,33.888920,38.666665,25.972068,-0.500000,3.808141,-90.000057,-1,1.0,100.0,70.0,MONITORING,,,8.333333,8.333333,46.579602,46.608935,0.029333
2.050000,scenario-defined,0,2,vehicle,0,1,40.774872,26.497396,36.491661,18.192000,-0.500000,0.000000,-90.000057,-1,1.0,100.0,70.0,MONITORING,,,8.333333,8.333333,40.774872,40.402485,-0.372387
2.050000,scenario-defined,0,3,vehicle,0,1,43.046866,31.997860,36.506665,22.810000,-0.500000,0.000000,-90.000057,-1,1.0,100.0,70.0,MONITORING,,,8.333333,8.333333,43.046866,43.112850,0.065984
2.100000,scenario-defined,0,1,vehicle,7,1,46.124156,33.974799,38.249999,25.775479,-0.500000,3.931784,-90.000057,-1,1.0,100.0,70.0,MONITORING,,,8.333333,8.333333,46.124156,45.761270,-0.362885
2.100000,scenario-defined,0,2,vehicle,0,1,40.402402,26.761025,36.074994,18.192000,-0.500000,0.000000,-90.000057,-1,1.0,100.0,70.0,MONITORING,,,8.333333,8.333333,40.402402,40.667961,0.265559
2.100000,scenario-defined,0,3,vehicle,0,1,42.694076,32.294158,36.089999,22.810000,-0.500000,0.000000,-90.000057,-1,1.0,100.0,70.0,MONITORING,,,8.333333,8.333333,42.694076,42.695030,0.000954
2.150000,scenario-defined,0,1,vehicle,7,1,45.665352,34.055965,37.833332,25.572708,-0.500000,4.055426,-90.000057,-1,1.0,100.0,70.0,MONITORING,,,8.333333,8.333333,45.665352,46.350382,0.685029
2.150000,scenario-defined,0,2,vehicle,0,1,40.030803,27.029554,35.658327,18.192000,-0.500000,0.000000,-90.000057,-1,1.0,100.0,70.0,MONITORING,,,8.333333,8.333333,40.030803,40.115055,0.084252
2.150000,scenario-defined,0,3,vehicle,0,1,42.342446,32.595386,35.673332,22.810000,-0.500000,0.000000,-90.000057,-1,1.0,100.0,70.0,MONITORING,,,8.333333,8.333333,42.342446,42.752153,0.409707
2.200000,scenario-defined,0,1,vehicle,7,1,45.203173,34.132293,37.416665,25.363755,-0.500000,4.179068,-90.000057,-1,1.0,100.0,70.0,MONITORING,,,8.333333,8.333333,45.203173,44.812194,-0.390979
2.200000,scenario-defined,0,2,vehicle,0,1,39.660100,27.303110,35.241661,18.192000,-0.500000,0.000000,-90.000057,-1,1.0,100.0,70.0,MONITORING,,,8.333333,8.333333,39.660100,39.623458,-0.036642
2.200000,scenario-defined,0,3,vehicle,0,1,41.992006,32.901650,35.256665,22.810000,-0.500000,0.000000,-90.000057,-1,1.0,100.0,70.0,MONITORING,,,8.333333,8.333333,41.992006,42.088950,0.096944
2.250000,scenario-defined,0,1,vehicle,7,1,44.737601,34.203650,36.999999,25.148619,-0.500000,4.302711,-90.000057,-1,1.0,100.0,70.0,MONITORING,,,8.333333,8.333333,44.737601,45.261317,0.523716
2.250000,scenario-defined,0,2,vehicle,0,1,39.290318,27.581821,34.824994,18.192000,-0.500000,0.000000,-90.000057,-1,1.0,100.0,70.0,MONITORING,,,8.333333,8.333333,39.290318,38.786043,-0.504275
2.250000,scenario-defined,0,3,vehicle,0,1,41.642786,33.213060,34.839999,22.810000,-0.500000,0.000000,-90.000057,-1,1.0,100.0,70.0,MONITORING,,,8.333333,8.333333,41.642786,41.939972,0.297186
2.300000,scenario-defined,0,1,vehicle,7,1,44.268618,34.269896,36.583332,24.927301,-0.500000,4.426353,-90.000057,-1,1.0,100.0,70.0,MONITORING,,,8.333333,8.333333,44.268618,44.446024,0.177406
2.300000,scenario-defined,0,2,vehicle,0,1,38.921483,27.865821,34.408327,18.192000,-0.500000,0.000000,-90.000057,-1,1.0,100.0,70.0,MONITORING,,,8.333333,8.333333,38.921483,39.381547,0.460064
2.300000,scenario-defined,0,3,vehicle,0,1,41.294817,33.529727,34.423332,22.810000,-0.500000,0.000000,-90.000057,-1,1.0,100.0,70.0,MONITORING,,,8.333333,8.333333,41.294817,41.508532,0.213716
2.350000,scenario-defined,0,1,vehicle,7,1,43.796209,34.330882,36.166665,24.699802,-0.500000,4.549996,-90.000057,-1,1.0,100.0,70.0,MONITORING,,,8.333333,8.333333,43.796209,43.811830,0.015621
2.350000,scenario-defined,0,2,vehicle,0,1,38.553623,28.155248,33.991661,18.192000,-0.500000,0.000000,-90.000057,-1,1.0,100.0,70.0,MONITORING,,,8.333333,8.333333,38.553623,38.397128,-0.156495
2.350000,scenario-defined,0,3,vehicle,0,1,40.948131,33.851767,34.006665,22.810000,-0.500000,0.000000,-90.000057,-1,1.0,100.0,70.0,MONITORING,,,8.333333,8.333333,40.948131,40.573677,-0.374454
2.400000,scenario-defined,0,1,vehicle,7,1,43.320358,34.386451,35.749999,24.466120,-0.500000,4.673638,-90.000057,-1,1.0,100.0,70.0,MONITORING,,,8.333333,8.333333,43.320358,43.378985,0.058627
2.400000,scenario-defined,0,2,vehicle,0,1,38.186766,28.450244,33.574994,18.192000,-0.500000,0.000000,-90.000057,-1,1.0,100.0,70.0,MONITORING,,,8.333333,8.333333,38.186766,38.129257,-0.057509
2.400000,scenario-defined,0,3,vehicle,0,1,40.602760,34.179296,33.589999,22.810000,-0.500000,0.000000,-90.000057,-1,1.0,100.0,70.0,MONITORING,,,8.333333,8.333333,40.602760,41.208840,0.606080
2.450000,scenario-defined,0,1,vehicle,7,1,42.841053,34.436436,35.333332,24.226256,-0.500000,4.797281,-90.000057,-1,1.0,100.0,70.0,MONITORING,,,8.333333,8.333333,42.841053,42.657746,-0.183307
2.450000,scenario-defined,0,2,vehicle,0,1,37.820941,28.750954,33.158328,18.192000,-0.500000,0.000000,-90.000057,-1,1.0,100.0,70.0,MONITORING,,,8.333333,8.333333,37.820941,37.917058,0.096118
2.450000,scenario-defined,0,3,vehicle,0,1,40.258739,34.512433,33.173332,22.810000,-0.500000,0.000000,-90.000057,-1,1.0,100.0,70.0,MONITORING,,,8.333333,8.333333,40.258739,39.788039,-0.470700
2.500000,scenario-defined,0,1,vehicle,7,1,42.358281,34.480659,34.916666,23.980209,-0.500000,4.920923,-90.000057,-1,1.0,100.0,70.0,MONITORING,,,8.333333,8.333333,42.358281,42.239642,-0.118639
2.500000,scenario-defined,0,2,vehicle,0,1,37.456177,29.057530,32.741661,18.192000,-0.500000,0.000000,-90.000057,-1,1.0,100.0,70.0,MONITORING,,,8.333333,8.333333,37.456177,37.534522,0.078344
2.500000,scenario-defined,0,3,vehicle,0,1,39.916102,34.851301,32.756666,22.810000,-0.500000,0.000000,-90.000057,-1,1.0,100.0,70.0,MONITORING,,,8.333333,8.333333,39.916102,40.163290,0.247188
2.550000,scenario-defined,0,1,vehicle,7,1,41.872031,34.518933,34.499999,23.727981,-0.500000,5.044566,-90.000057,-1,1.0,100.0,70.0,MONITORING,,,8.333333,8.333333,41.872031,42.306462,0.434431
2.550000,scenario-defined,0,2,vehicle,0,1,37.092508,29.370127,32.324994,18.192000,-0.500000,0.000000,-90.000057,-1,1.0,100.0,70.0,MONITORING,,,8.333333,8.333333,37.092508,37.079263,-0.013244
2.550000,scenario-defined,0,3,vehicle,0,0,39.574886,35.196025,32.339999,22.810000,-0.500000,0.000000,-90.000057,-1,1.0,100.0,70.0,MONITORING,,,8.333333,8.333333,39.574886,39.574886,0.000000
2.600000,scenario-defined,0,1,vehicle,7,1,41.382294,34.551057,34.083332,23.469571,-0.500000,5.168208,-90.000057,-1,1.0,100.0,70.0,MONITORING,,,8.333333,8.333333,41.382294,41.047121,-0.335173
2.600000,scenario-defined,0,2,vehicle,0,1,36.729964,29.688904,31.908328,18.192000,-0.500000,0.000000,-90.000057,-1,1.0,100.0,70.0,MONITORING,,,8.333333,8.333333,36.729964,36.867319,0.137355
2.600000,scenario-defined,0,3,vehicle,0,0,39.235128,35.546733,31.923332,22.810000,-0.500000,0.000000,-90.000057,-1,1.0,100.0,70.0,MONITORING,,,8.333333,8.333333,39.235128,39.235128,0.000000
2.650000,scenario-defined,0,1,vehicle,7,1,40.889062,34.576818,33.666666,23.204978,-0.500000,5.291851,-90.000057,-1,1.0,100.0,70.0,MONITORING,,,8.333333,8.333333,40.889062,41.044158,0.155096
2.650000,scenario-defined,0,2,vehicle,0,1,36.368579,30.014027,31.491661,18.192000,-0.500000,0.000000,-90.000057,-1,1.0,100.0,70.0,MONITORING,,,8.333333,8.333333,36.368579,36.516077,0.147498
2.650000,scenario-defined,0,3,vehicle,0,0,38.896865,35.903553,31.506666,22.810000,-0.500000,0.000000,-90.000057,-1,1.0,100.0,70.0,MONITORING,,,8.333333,8.333333,38.896865,38.896865,0.000000
2.700000,scenario-defined,0,1,vehicle,7,1,40.392327,34.595990,33.249999,22.934204,-0.500000,5.415493,-90.000057,-1,1.0,100.0,70.0,MONITORING,,,8.333333,8.333333,40.392327,40.182241,-0.210086
2.700000,scenario-defined,0,2,vehicle,0,1,36.008390,30.345665,31.074994,18.192000,-0.500000,0.000000,-90.000057,-1,1.0,100.0,70.0,MONITORING,,,8.333333,8.333333,36.008390,36.348405,0.340015
2.700000,scenario-defined,0,3,vehicle,0,0,38.560137,36.266620,31.089999,22.810000,-0.500000,0.000000,-90.000057,-1,1.0,100.0,70.0,MONITORING,,,8.333333,8.333333,38.560137,38.560137,0.000000
2.750000,scenario-defined,0,1,vehicle,7,1,39.892086,34.608333,32.833332,22.657247,-0.500000,5.539135,-90.000057,-1,1.0,100.0,70.0,MONITORING,,,8.333333,8.333333,39.892086,39.918455,0.026369
2.750000,scenario-defined,0,2,vehicle,0,1,35.649431,30.683993,30.658328,18.192000,-0.500000,0.000000,-90.000057,-1,1.0,100.0,70.0,MONITORING,,,8.333333,8.333333,35.649431,35.859378,0.209947
2.750000,scenario-defined,0,3,vehicle,0,0,38.224984,36.636068,30.673332,22.810000,-0.500000,0.000000,-90.000057,-1,1.0,100.0,70.0,MONITORING,,,8.333333,8.333333,38.224984,38.224984,0.000000
2.800000,scenario-defined,0,1,vehicle,7,1,39.388335,34.613588,32.416666,22.374108,-0.500000,5.662778,-90.000057,-1,1.0,100.0,70.0,MONITORING,,,8.333333,8.333333,39.388335,39.770557,0.382222
2.800000,scenario-defined,0,2,vehicle,0,1,35.291740,31.029191,30.241661,18.192000,-0.500000,0.000000,-90.000057,-1,1.0,100.0,70.0,MONITORING,,,8.333333,8.333333,35.291740,35.474522,0.182782
2.800000,scenario-defined,0,3,vehicle,0,0,37.891449,37.012036,30.256666,22.810000,-0.500000,0.000000,-90.000057,-1,1.0,100.0,70.0,MONITORING,,,8.333333,8.333333,37.891449,37.891449,0.000000
2.850000,scenario-defined,0,1,vehicle,7,1,38.887630,34.625480,31.999999,22.096330,-0.500000,5.555556,-90.000057,-1,1.0,100.0,70.0,MONITORING,,,8.333333,8.333333,38.887630,38.973584,0.085955
2.850000,scenario-defined,0,2,vehicle,0,1,34.935357,31.381446,29.824994,18.192000,-0.500000,0.000000,-90.000057,-1,1.0,100.0,70.0,MONITORING,,,8.333333,8.333333,34.935357,35.581195,0.645839
2.850000,scenario-defined,0,3,vehicle,0,0,37.559575,37.394666,29.839999,22.810000,-0.500000,0.000000,-90.000057,-1,1.0,100.0,70.0,MONITORING,,,8.333333,8.333333,37.559575,37.559575,0.000000
2.900000,scenario-defined,0,1,vehicle,7,1,38.386926,34.637682,31.583332,21.818552,-0.500000,5.555556,-90.000057,-1,1.0,100.0,70.0,MONITORING,,,8.333333,8.333333,38.386926,38.460037,0.073111
2.900000,scenario-defined,0,2,vehicle,0,1,34.580321,31.740947,29.408328,18.192000,-0.500000,0.000000,-90.000057,-1,1.0,100.0,70.0,MONITORING,,,8.333333,8.333333,34.580321,34.491532,-0.088789
2.900000,scenario-defined,0,3,vehicle,0,0,37.229405,37.784099,29.423332,22.810000,-0.500000,0.000000,-90.000057,-1,1.0,100.0,70.0,MONITORING,,,8.333333,8.333333,37.229405,37.229405,0.000000
2.950000,scenario-defined,0,1,vehicle,7,1,37.886225,34.650207,31.166666,21.540775,-0.500000,5.555556,-90.000057,-1,1.0,100.0,70.0,MONITORING,,,8.333333,8.333333,37.886225,37.919815,0.033590
2.950000,scenario-defined,0,2,vehicle,0,1,34.226675,32.107892,28.991661,18.192000,-0.500000,0.000000,-90.000057,-1,1.0,100.0,70.0,MONITORING,,,8.333333,8.333333,34.226675,34.671505,0.444831
2.950000,scenario-defined,0,3,vehicle,0,0,36.900986,38.180483,29.006666,22.810000,-0.500000,0.000000,-90.000057,-1,1.0,100.0,70.0,MONITORING,,,8.333333,8.333333,36.900986,36.900986,0.000000
3.000000,scenario-defined,0,1,vehicle,7,1,37.385525,34.663067,30.749999,21.262997,-0.500000,5.555556,-90.000057,-1,1.0,100.0,70.0,MONITORING,,,8.333333,8.333333,37.385525,37.421139,0.035614
3.000000,scenario-defined,0,2,vehicle,0,1,33.874462,32.482484,28.574994,18.192000,-0.500000,0.000000,-90.000057,-1,1.0,100.0,70.0,MONITORING,,,8.333333,8.333333,33.874462,34.030275,0.155813
3.000000,scenario-defined,0,3,vehicle,0,0,36.574365,38.583966,28.589999,22.810000,-0.500000,0.000000,-90.000057,-1,1.0,100.0,70.0,MONITORING,,,8.333333,8.333333,36.574365,36.574365,0.000000
3.050000,scenario-defined,0,1,vehicle,7,1,36.884827,34.676276,30.333332,20.985219,-0.500000,5.555556,-90.000057,-1,1.0,100.0,70.0,MONITORING,,,8.333333,8.333333,36.884827,37.243546,0.358719
3.050000,scenario-defined,0,2,vehicle,0,1,33.523727,32.864930,28.158328,18.192000,-0.500000,0.000000,-90.000057,-1,1.0,100.0,70.0,MONITORING,,,8.333333,8.333333,33.523727,33.369870,-0.153858
3.050000,scenario-defined,0,3,vehicle,0,0,36.249590,38.994700,28.173332,22.810000,-0.500000,0.000000,-90.000057,-1,1.0,100.0,70.0,MONITORING,,,8.333333,8.333333,36.249590,36.249590,0.000000
3.100000,scenario-defined,0,1,vehicle,7,1,36.384131,34.689849,29.916666,20.707441,-0.500000,5.555556,-90.000057,-1,1.0,100.0,70.0,MONITORING,,,8.333333,8.333333,36.384131,35.866160,-0.517971
3.100000,scenario-defined,0,2,vehicle,0,1,33.174518,33.255445,27.741661,18.192000,-0.500000,0.000000,-90.000057,-1,1.0,100.0,70.0,MONITORING,,,8.333333,8.333333,33.174518,33.264345,0.089827
3.100000,scenario-defined,0,3,vehicle,0,0,35.926711,39.412838,27.756666,22.810000,-0.500000,0.000000,-90.000057,-1,1.0,100.0,70.0,MONITORING,,,8.333333,8.333333,35.926711,35.926711,0.000000
3.150000,scenario-defined,0,1,vehicle,7,1,35.883438,34.703801,29.499999,20.429663,-0.500000,5.555556,-90.000057,-1,1.0,100.0,70.0,MONITORING,,,8.333333,8.333333,35.883438,35.952358,0.068920
3.150000,scenario-defined,0,2,vehicle,0,1,32.826882,33.654251,27.324994,18.192000,-0.500000,0.000000,-90.000057,-1,1.0,100.0,70.0,MONITORING,,,8.333333,8.333333,32.826882,32.644479,-0.182403
3.150000,scenario-defined,0,3,vehicle,0,0,35.605781,39.838537,27.339999,22.810000,-0.500000,0.000000,-90.000057,-1,1.0,100.0,70.0,MONITORING,,,8.333333,8.333333,35.605781,35.605781,0.000000
3.200000,scenario-defined,0,1,vehicle,7,1,35.382746,34.718148,29.083332,20.151886,-0.500000,5.555556,-90.000057,-1,1.0,100.0,70.0,MONITORING,,,8.333333,8.333333,35.382746,35.644072,0.261326
3.200000,scenario-defined,0,2,vehicle,0,1,32.480871,34.061573,26.908328,18.192000,-0.500000,0.000000,-90.000057,-1,1.0,100.0,70.0,MONITORING,,,8.333333,8.333333,32.480871,32.663141,0.182270
3.200000,scenario-defined,0,3,vehicle,0,0,35.286852,40.271956,26.923332,22.810000,-0.500000,0.000000,-90.000057,-1,1.0,100.0,70.0,MONITORING,,,8.333333,8.333333,35.286852,35.286852,0.000000
3.250000,scenario-defined,0,1,vehicle,7,1,34.882057,34.732906,28.666666,19.874108,-0.500000,5.555556,-90.000057,-1,1.0,100.0,70.0,MONITORING,,,8.333333,8.333333,34.882057,34.583559,-0.298498
3.250000,scenario-defined,0,2,vehicle,0,1,32.136536,34.477645,26.491661,18.192000,-0.500000,0.000000,-90.000057,-1,1.0,100.0,70.0,MONITORING,,,8.333333,8.333333,32.136536,32.292002,0.155466
3.250000,scenario-defined,0,3,vehicle,0,0,34.969979,40.713255,26.506666,22.810000,-0.500000,0.000000,-90.000057,-1,1.0,100.0,70.0,MONITORING,,,8.333333,8.333333,34.969979,34.969979,0.000000
3.300000,scenario-defined,0,1,vehicle,7,1,34.381370,34.748094,28.249999,19.596330,-0.500000,5.555556,-90.000057,-1,1.0,100.0,70.0,MONITORING,,,8.333333,8.333333,34.381370,34.322538,-0.058831
3.300000,scenario-defined,0,2,vehicle,0,1,31.793933,34.902708,26.074994,18.192000,-0.500000,0.000000,-90.000057,-1,1.0,100.0,70.0,MONITORING,,,8.333333,8.333333,31.793933,31.349026,-0.444908
3.300000,scenario-defined,0,3,vehicle,0,0,34.655218,41.162597,26.089999,22.810000,-0.500000,0.000000,-90.000057,-1,1.0,100.0,70.0,MONITORING,,,8.333333,8.333333,34.655218,34.655218,0.000000
3.350000,scenario-defined,0,1,vehicle,7,1,33.880686,34.763731,27.833332,19.318552,-0.500000,5.555556,-90.000057,-1,1.0,100.0,70.0,MONITORING,,,8.333333,8.333333,33.880686,34.016571,0.135885
3.350000,scenario-defined,0,2,vehicle,0,0,31.453118,35.337006,25.658328,18.192000,-0.500000,0.000000,-90.000057,-1,1.0,100.0,70.0,MONITORING,,,8.333333,8.333333,31.453118,31.453118,0.000000
3.350000,scenario-defined,0,3,vehicle,0,0,34.342628,41.620147,25.673332,22.810000,-0.500000,0.000000,-90.000057,-1,1.0,100.0,70.0,MONITORING,,,8.333333,8.333333,34.342628,34.342628,0.000000
3.400000,scenario-defined,0,1,vehicle,7,1,33.380004,34.779838,27.416666,19.040774,-0.500000,5.555556,-90.000057,-1,1.0,100.0,70.0,MONITORING,,,8.333333,8.333333,33.380004,33.366439,-0.013564
3.400000,scenario-defined,0,2,vehicle,0,0,31.114150,35.780793,25.241661,18.192000,-0.500000,0.000000,-90.000057,-1,1.0,100.0,70.0,MONITORING,,,8.333333,8.333333,31.114150,31.114150,0.000000
3.400000,scenario-defined,0,3,vehicle,0,0,34.032268,42.086073,25.256666,22.810000,-0.500000,0.000000,-90.000057,-1,1.0,100.0,70.0,MONITORING,,,8.333333,8.333333,34.032268,34.032268,0.000000
3.450000,scenario-defined,0,1,vehicle,7,1,32.879325,34.796434,26.999999,18.762997,-0.500000,5.555556,-90.000057,-1,1.0,100.0,70.0,MONITORING,,,8.333333,8.333333,32.879325,32.655740,-0.223585
3.450000,scenario-defined,0,2,vehicle,0,0,30.777089,36.234328,24.824995,18.192000,-0.500000,0.000000,-90.000057,-1,1.0,100.0,70.0,MONITORING,,,8.333333,8.333333,30.777089,30.777089,0.000000
3.450000,scenario-defined,0,3,vehicle,0,0,33.724200,42.560544,24.839999,22.810000,-0.500000,0.000000,-90.000057,-1,1.0,100.0,70.0,MONITORING,,,8.333333,8.333333,33.724200,33.724200,0.000000
3.500000,scenario-defined,0,1,vehicle,7,1,32.378648,34.813545,26.583333,18.485219,-0.500000,5.555556,-90.000057,-1,1.0,100.0,70.0,MONITORING,,,8.333333,8.333333,32.378648,32.535532,0.156884
3.500000,scenario-defined,0,2,vehicle,0,0,30.442000,36.697877,24.408328,18.192000,-0.500000,0.000000,-90.000057,-1,1.0,100.0,70.0,MONITORING,,,8.333333,8.333333,30.442000,30.442000,0.000000
3.500000,scenario-defined,0,3,vehicle,0,0,33.418487,43.043729,24.423333,22.810000,-0.500000,0.000000,-90.000057,-1,1.0,100.0,70.0,MONITORING,,,8.333333,8.333333,33.418487,33.418487,0.000000
3.550000,scenario-defined,0,1,vehicle,7,1,31.877975,34.831192,26.166666,18.207441,-0.500000,5.555556,-90.000057,-1,1.0,100.0,70.0,MONITORING,,,8.333333,8.333333,31.877975,32.024403,0.146428
3.550000,scenario-defined,0,2,vehicle,0,0,30.108947,37.171713,23.991661,18.192000,-0.500000,0.000000,-90.000057,-1,1.0,100.0,70.0,MONITORING,,,8.333333,8.333333,30.108947,30.108947,0.000000
3.550000,scenario-defined,0,3,vehicle,0,0,33.115194,43.535800,24.006666,22.810000,-0.500000,0.000000,-90.000057,-1,1.0,100.0,70.0,MONITORING,,,8.333333,8.333333,33.115194,33.115194,0.000000
3.600000,scenario-defined,0,1,vehicle,7,1,31.377305,34.849403,25.749999,17.929663,-0.500000,5.555556,-90.000057,-1,1.0,100.0,70.0,MONITORING,,,8.333333,8.333333,31.377305,31.204044,-0.173261
3.600000,scenario-defined,0,2,vehicle,0,0,29.777999,37.656115,23.574995,18.192000,-0.500000,0.000000,-90.000057,-1,1.0,100.0,70.0,MONITORING,,,8.333333,8.333333,29.777999,29.777999,0.000000
3.600000,scenario-defined,0,3,vehicle,0,0,32.814390,44.036930,23.589999,22.810000,-0.500000,0.000000,-90.000057,-1,1.0,100.0,70.0,MONITORING,,,8.333333,8.333333,32.814390,32.814390,0.000000
3.650000,scenario-defined,0,1,vehicle,7,1,30.876638,34.868204,25.333333,17.651885,-0.500000,5.555556,-90.000057,-1,1.0,100.0,70.0,MONITORING,,,8.333333,8.333333,30.876638,30.996744,0.120106
3.650000,scenario-defined,0,2,vehicle,0,0,29.449228,38.151369,23.158328,18.192000,-0.500000,0.000000,-90.000057,-1,1.0,100.0,70.0,MONITORING,,,8.333333,8.333333,29.449228,29.449228,0.000000
3.650000,scenario-defined,0,3,vehicle,0,0,32.516141,44.547293,23.173333,22.810000,-0.500000,0.000000,-90.000057,-1,1.0,100.0,70.0,MONITORING,,,8.333333,8.333333,32.516141,32.516141,0.000000
3.700000,scenario-defined,0,1,vehicle,7,1,30.375975,34.887625,24.916666,17.374108,-0.500000,5.555556,-90.000057,-1,1.0,100.0,70.0,MONITORING,,,8.333333,8.333333,30.375975,30.680494,0.304519
3.700000,scenario-defined,0,2,vehicle,0,0,29.122706,38.657767,22.741661,18.192000,-0.500000,0.000000,-90.000057,-1,1.0,100.0,70.0,MONITORING,,,8.333333,8.333333,29.122706,29.122706,0.000000
3.700000,scenario-defined,0,3,vehicle,0,0,32.220521,45.067063,22.756666,22.810000,-0.500000,0.000000,-90.000057,-1,1.0,100.0,70.0,MONITORING,,,8.333333,8.333333,32.220521,32.220521,0.000000
3.750000,scenario-defined,0,1,vehicle,7,1,29.875315,34.907697,24.499999,17.096330,-0.500000,5.555556,-90.000057,-1,1.0,100.0,70.0,MONITORING,,,8.333333,8.333333,29.875315,29.661515,-0.213800
3.750000,scenario-defined,0,2,vehicle,0,0,28.798511,39.175607,22.324995,18.192000,-0.500000,0.000000,-90.000057,-1,1.0,100.0,70.0,MONITORING,,,8.333333,8.333333,28.798511,28.798511,0.000000
3.750000,scenario-defined,0,3,vehicle,0,0,31.927600,45.596414,22.339999,22.810000,-0.500000,0.000000,-90.000057,-1,1.0,100.0,70.0,MONITORING,,,8.333333,8.333333,31.927600,31.927600,0.000000
3.800000,scenario-defined,0,1,vehicle,7,1,29.374659,34.928453,24.083333,16.818552,-0.500000,5.555556,-90.000057,-1,1.0,100.0,70.0,MONITORING,,,8.333333,8.333333,29.374659,29.488926,0.114267
3.800000,scenario-defined,0,2,vehicle,0,0,28.476722,39.705195,21.908328,18.192000,-0.500000,0.000000,-90.000057,-1,1.0,100.0,70.0,MONITORING,,,8.333333,8.333333,28.476722,28.476722,0.000000
3.800000,scenario-defined,0,3,vehicle,0,0,31.637456,46.135521,21.923333,22.810000,-0.500000,0.000000,-90.000057,-1,1.0,100.0,70.0,MONITORING,,,8.333333,8.333333,31.637456,31.637456,0.000000
3.850000,scenario-defined,0,1,vehicle,7,1,28.874007,34.949929,23.666666,16.540774,-0.500000,5.555556,-90.000057,-1,1.0,100.0,70.0,MONITORING,,,8.333333,8.333333,28.874007,28.874834,0.000827
3.850000,scenario-defined,0,2,vehicle,0,0,28.157421,40.246841,21.491661,18.192000,-0.500000,0.000000,-90.000057,-1,1.0,100.0,70.0,MONITORING,,,8.333333,8.333333,28.157421,28.157421,0.000000
3.850000,scenario-defined,0,3,vehicle,0,0,31.350164,46.684559,21.506666,22.810000,-0.500000,0.000000,-90.000057,-1,1.0,100.0,70.0,MONITORING,,,8.333333,8.333333,31.350164,31.350164,0.000000
3.900000,scenario-defined,0,1,vehicle,7,1,28.373359,34.972163,23.249999,16.262996,-0.500000,5.555556,-90.000057,-1,1.0,100.0,70.0,MONITORING,,,8.333333,8.333333,28.373359,29.053162,0.679803
3.900000,scenario-defined,0,2,vehicle,0,0,27.840694,40.800861,21.074995,18.192000,-0.500000,0.000000,-90.000057,-1,1.0,100.0,70.0,MONITORING,,,8.333333,8.333333,27.840694,27.840694,0.000000
3.900000,scenario-defined,0,3,vehicle,0,0,31.065804,47.243699,21.089999,22.810000,-0.500000,0.000000,-90.000057,-1,1.0,100.0,70.0,MONITORING,,,8.333333,8.333333,31.065804,31.065804,0.000000
3.950000,scenario-defined,0,1,vehicle,7,1,27.872716,34.995196,22.833333,15.985219,-0.500000,5.555556,-90.000057,-1,1.0,100.0,70.0,MONITORING,,,8.333333,8.333333,27.872716,27.314025,-0.558691
3.950000,scenario-defined,0,2,vehicle,0,0,27.526630,41.367577,20.658328,18.192000,-0.500000,0.000000,-90.000057,-1,1.0,100.0,70.0,MONITORING,,,8.333333,8.333333,27.526630,27.526630,0.000000
3.950000,scenario-defined,0,3,vehicle,0,0,30.784457,47.813115,20.673333,22.810000,-0.500000,0.000000,-90.000057,-1,1.0,100.0,70.0,MONITORING,,,8.333333,8.333333,30.784457,30.784457,0.000000
4.000000,scenario-defined,0,1,vehicle,7,0,27.372077,35.019071,22.416666,15.707441,-0.500000,5.555556,-90.000057,-1,1.0,100.0,70.0,MONITORING,,,8.333333,8.333333,27.372077,27.372077,0.000000
4.000000,scenario-defined,0,2,vehicle,0,0,27.215321,41.947317,20.241661,18.192000,-0.500000,0.000000,-90.000057,-1,1.0,100.0,70.0,MONITORING,,,8.333333,8.333333,27.215321,27.215321,0.000000
4.000000,scenario-defined,0,3,vehicle,0,0,30.506206,48.392977,20.256666,22.810000,-0.500000,0.000000,-90.000057,-1,1.0,100.0,70.0,MONITORING,,,8.333333,8.333333,30.506206,30.506206,0.000000
4.050000,scenario-defined,0,1,vehicle,7,0,26.871443,35.043836,21.999999,15.429663,-0.500000,5.555556,-90.000057,-1,1.0,100.0,70.0,MONITORING,,,8.333333,8.333333,26.871443,26.871443,0.000000
4.050000,scenario-defined,0,2,vehicle,0,0,26.906863,42.540410,19.824995,18.192000,-0.500000,0.000000,-90.000057,-1,1.0,100.0,70.0,MONITORING,,,8.333333,8.333333,26.906863,26.906863,0.000000
4.050000,scenario-defined,0,3,vehicle,0,0,30.231137,48.983452,19.839999,22.810000,-0.500000,0.000000,-90.000057,-1,1.0,100.0,70.0,MONITORING,,,8.333333,8.333333,30.231137,30.231137,0.000000
4.100000,scenario-defined,0,1,vehicle,7,0,26.370815,35.069541,21.583333,15.151885,-0.500000,5.555556,-90.000057,-1,1.0,100.0,70.0,MONITORING,,,8.333333,8.333333,26.370815,26.370815,0.000000
4.100000,scenario-defined,0,2,vehicle,0,0,26.601355,43.147192,19.408328,18.192000,-0.500000,0.000000,-90.000057,-1,1.0,100.0,70.0,MONITORING,,,8.333333,8.333333,26.601355,26.601355,0.000000
4.100000,scenario-defined,0,3,vehicle,0,0,29.959338,49.584706,19.423333,22.810000,-0.500000,0.000000,-90.000057,-1,1.0,100.0,70.0,MONITORING,,,8.333333,8.333333,29.959338,29.959338,0.000000
4.150000,scenario-defined,0,1,vehicle,7,0,25.870192,35.096241,21.166666,14.874107,-0.500000,5.555556,-90.000057,-1,1.0,100.0,70.0,MONITORING,,,8.333333,8.333333,25.870192,25.870192,0.000000
4.150000,scenario-defined,0,2,vehicle,0,0,26.298899,43.768003,18.991661,18.192000,-0.500000,0.000000,-90.000057,-1,1.0,100.0,70.0,MONITORING,,,8.333333,8.333333,26.298899,26.298899,0.000000
4.150000,scenario-defined,0,3,vehicle,0,0,29.690899,50.196901,19.006666,22.810000,-0.500000,0.000000,-90.000057,-1,1.0,100.0,70.0,MONITORING,,,8.333333,8.333333,29.690899,29.690899,0.000000
4.200000,scenario-defined,0,1,vehicle,7,0,25.369575,35.123994,20.749999,14.596330,-0.500000,5.555556,-90.000057,-1,1.0,100.0,70.0,MONITORING,,,8.333333,8.333333,25.369575,25.369575,0.000000
4.200000,scenario-defined,0,2,vehicle,0,0,25.999602,44.403182,18.574995,18.192000,-0.500000,0.000000,-90.000057,-1,1.0,100.0,70.0,MONITORING,,,8.333333,8.333333,25.999602,25.999602,0.000000
4.200000,scenario-defined,0,3,vehicle,0,0,29.425910,50.820193,18.589999,22.810000,-0.500000,0.000000,-90.000057,-1,1.0,100.0,70.0,MONITORING,,,8.333333,8.333333,29.425910,29.425910,0.000000
4.250000,scenario-defined,0,1,vehicle,7,0,24.868963,35.152865,20.333333,14.318552,-0.500000,5.555556,-90.000057,-1,1.0,100.0,70.0,MONITORING,,,8.333333,8.333333,24.868963,24.868963,0.000000
4.250000,scenario-defined,0,2,vehicle,0,0,25.703575,45.053074,18.158328,18.192000,-0.500000,0.000000,-90.000057,-1,1.0,100.0,70.0,MONITORING,,,8.333333,8.333333,25.703575,25.703575,0.000000
4.250000,scenario-defined,0,3,vehicle,0,0,29.164467,51.454737,18.173333,22.810000,-0.500000,0.000000,-90.000057,-1,1.0,100.0,70.0,MONITORING,,,8.333333,8.333333,29.164467,29.164467,0.000000
4.300000,scenario-defined,0,1,vehicle,7,0,24.368359,35.182922,19.916666,14.040774,-0.500000,5.555556,-90.000057,-1,1.0,100.0,70.0,MONITORING,,,8.333333,8.333333,24.368359,24.368359,0.000000
4.300000,scenario-defined,0,2,vehicle,0,0,25.410931,45.718022,17.741661,18.192000,-0.500000,0.000000,-90.000057,-1,1.0,100.0,70.0,MONITORING,,,8.333333,8.333333,25.410931,25.410931,0.000000
4.300000,scenario-defined,0,3,vehicle,0,0,28.906665,52.100679,17.756666,22.810000,-0.500000,0.000000,-90.000057,-1,1.0,100.0,70.0,MONITORING,,,8.333333,8.333333,28.906665,28.906665,0.000000
4.350000,scenario-defined,0,1,vehicle,7,0,23.867762,35.214241,19.499999,13.762996,-0.500000,5.555556,-90.000057,-1,1.0,100.0,70.0,MONITORING,,,8.333333,8.333333,23.867762,23.867762,0.000000
4.350000,scenario-defined,0,2,vehicle,0,0,25.121790,46.398369,17.324995,18.192000,-0.500000,0.000000,-90.000057,-1,1.0,100.0,70.0,MONITORING,,,8.333333,8.333333,25.121790,25.121790,0.000000
4.350000,scenario-defined,0,3,vehicle,0,0,28.652603,52.758162,17.339999,22.810000,-0.500000,0.000000,-90.000057,-1,1.0,100.0,70.0,MONITORING,,,8.333333,8.333333,28.652603,28.652603,0.000000
4.400000,scenario-defined,0,1,vehicle,7,0,23.367171,35.246901,19.083333,13.485218,-0.500000,5.555556,-90.000057,-1,1.0,100.0,70.0,MONITORING,,,8.333333,8.333333,23.367171,23.367171,0.000000
4.400000,scenario-defined,0,2,vehicle,0,0,24.836272,47.094459,16.908328,18.192000,-0.500000,0.000000,-90.000057,-1,1.0,100.0,70.0,MONITORING,,,8.333333,8.333333,24.836272,24.836272,0.000000
4.400000,scenario-defined,0,3,vehicle,0,0,28.402382,53.427318,16.923333,22.810000,-0.500000,0.000000,-90.000057,-1,1.0,100.0,70.0,MONITORING,,,8.333333,8.333333,28.402382,28.402382,0.000000
4.450000,scenario-defined,0,1,vehicle,7,0,22.866589,35.280990,18.666666,13.207441,-0.500000,5.555556,-90.000057,1,1.0,100.0,70.0,MONITORING,,,8.333333,8.333333,22.866589,22.866589,0.000000
4.450000,scenario-defined,0,2,vehicle,0,0,24.554506,47.806632,16.491662,18.192000,-0.500000,0.000000,-90.000057,-1,1.0,100.0,70.0,MONITORING,,,8.333333,8.333333,24.554506,24.554506,0.000000
4.450000,scenario-defined,0,3,vehicle,0,0,28.156103,54.108275,16.506666,22.810000,-0.500000,0.000000,-90.000057,-1,1.0,100.0,70.0,MONITORING,,,8.333333,8.333333,28.156103,28.156103,0.000000
4.500000,scenario-defined,0,1,vehicle,7,0,22.366016,35.316606,18.250000,12.929663,-0.500000,5.555556,-90.000057,1,1.0,100.0,70.0,MONITORING,,,8.333333,8.333333,22.366016,22.366016,0.000000
4.500000,scenario-defined,0,2,vehicle,0,0,24.276621,48.535224,16.074995,18.192000,-0.500000,0.000000,-90.000057,-1,1.0,100.0,70.0,MONITORING,,,8.333333,8.333333,24.276621,24.276621,0.000000
4.500000,scenario-defined,0,3,vehicle,0,0,27.913871,54.801150,16.090000,22.810000,-0.500000,0.000000,-90.000057,-1,1.0,100.0,70.0,MONITORING,,,8.333333,8.333333,27.913871,27.913871,0.000000
4.550000,scenario-defined,0,1,vehicle,7,0,21.865451,35.353853,17.833333,12.651885,-0.500000,5.555556,-90.000057,1,1.0,100.0,70.0,MONITORING,,,8.333333,8.333333,21.865451,21.865451,0.000000
4.550000,scenario-defined,0,2,vehicle,0,0,24.002752,49.280564,15.658328,18.192000,-0.500000,0.000000,-90.000057,-1,1.0,100.0,70.0,MONITORING,,,8.333333,8.333333,24.002752,24.002752,0.000000
4.550000,scenario-defined,0,3,vehicle,0,0,27.675792,55.506050,15.673333,22.810000,-0.500000,0.000000,-90.000057,-1,1.0,100.0,70.0,MONITORING,,,8.333333,8.333333,27.675792,27.675792,0.000000
4.600000,scenario-defined,0,1,vehicle,7,0,21.364896,35.392845,17.416666,12.374107,-0.500000,5.555556,-90.000057,1,1.0,100.0,70.0,MONITORING,,,8.333333,8.333333,21.364896,21.364896,0.000000
4.600000,scenario-defined,0,2,vehicle,0,0,23.733038,50.042977,15.241662,18.192000,-0.500000,0.000000,-90.000057,-1,1.0,100.0,70.0,MONITORING,,,8.333333,8.333333,23.733038,23.733038,0.000000
4.600000,scenario-defined,0,3,vehicle,0,0,27.441974,56.223072,15.256666,22.810000,-0.500000,0.000000,-90.000057,-1,1.0,100.0,70.0,MONITORING,,,8.333333,8.333333,27.441974,27.441974,0.000000
4.650000,scenario-defined,0,1,vehicle,7,0,20.864352,35.433707,17.000000,12.096329,-0.500000,5.555556,-90.000057,1,1.0,100.0,70.0,MONITORING,,,8.333333,8.333333,20.864352,20.864352,0.000000
4.650000,scenario-defined,0,2,vehicle,0,0,23.467623,50.822777,14.824995,18.192000,-0.500000,0.000000,-90.000057,-1,1.0,100.0,70.0,MONITORING,,,8.333333,8.333333,23.467623,23.467623,0.000000
4.650000,scenario-defined,0,3,vehicle,0,0,27.212528,56.952301,14.840000,22.810000,-0.500000,0.000000,-90.000057,-1,1.0,100.0,70.0,MONITORING,,,8.333333,8.333333,27.212528,27.212528,0.000000
4.700000,scenario-defined,0,1,vehicle,7,0,20.363818,35.476579,16.583333,11.818552,-0.500000,5.555556,-90.000057,1,1.0,100.0,70.0,MONITORING,,,8.333333,8.333333,20.363818,20.363818,0.000000
4.700000,scenario-defined,0,2,vehicle,0,0,23.206654,51.620265,14.408328,18.192000,-0.500000,0.000000,-90.000057,-1,1.0,100.0,70.0,MONITORING,,,8.333333,8.333333,23.206654,23.206654,0.000000
4.700000,scenario-defined,0,3,vehicle,0,0,26.987564,57.693810,14.423333,22.810000,-0.500000,0.000000,-90.000057,-1,1.0,100.0,70.0,MONITORING,,,8.333333,8.333333,26.987564,26.987564,0.000000
4.750000,scenario-defined,0,1,vehicle,7,0,19.863297,35.521611,16.166666,11.540774,-0.500000,5.555556,-90.000057,1,1.0,100.0,70.0,MONITORING,,,8.333333,8.333333,19.863297,19.863297,0.000000
4.750000,scenario-defined,0,2,vehicle,0,0,22.950282,52.435731,13.991662,18.192000,-0.500000,0.000000,-90.000057,-1,1.0,100.0,70.0,MONITORING,,,8.333333,8.333333,22.950282,22.950282,0.000000
4.750000,scenario-defined,0,3,vehicle,0,0,26.767196,58.447656,14.006666,22.810000,-0.500000,0.000000,-90.000057,-1,1.0,100.0,70.0,MONITORING,,,8.333333,8.333333,26.767196,26.767196,0.000000
4.800000,scenario-defined,0,1,vehicle,7,0,19.362788,35.568971,15.750000,11.262996,-0.500000,5.555556,-90.000057,1,1.0,100.0,70.0,MONITORING,,,8.333333,8.333333,19.362788,19.362788,0.000000
4.800000,scenario-defined,0,2,vehicle,0,0,22.698664,53.269448,13.574995,18.192000,-0.500000,0.000000,-90.000057,-1,1.0,100.0,70.0,MONITORING,,,8.333333,8.333333,22.698664,22.698664,0.000000
4.800000,scenario-defined,0,3,vehicle,0,0,26.551538,59.213882,13.590000,22.810000,-0.500000,0.000000,-90.000057,-1,1.0,100.0,70.0,MONITORING,,,8.333333,8.333333,26.551538,26.551538,0.000000
4.850000,scenario-defined,0,1,vehicle,7,0,18.862294,35.618845,15.333333,10.985218,-0.500000,5.555556,-90.000057,1,1.0,100.0,70.0,MONITORING,,,8.333333,8.333333,18.862294,18.862294,0.000000
4.850000,scenario-defined,0,2,vehicle,0,0,22.451959,54.121671,13.158328,18.192000,-0.500000,0.000000,-90.000057,-1,1.0,100.0,70.0,MONITORING,,,8.333333,8.333333,22.451959,22.451959,0.000000
4.850000,scenario-defined,0,3,vehicle,0,0,26.340706,59.992515,13.173333,22.810000,-0.500000,0.000000,-90.000057,-1,1.0,100.0,70.0,MONITORING,,,8.333333,8.333333,26.340706,26.340706,0.000000
4.900000,scenario-defined,0,1,vehicle,7,0,18.361814,35.671437,14.916666,10.707440,-0.500000,5.555556,-90.000057,1,1.0,100.0,70.0,MONITORING,,,8.333333,8.333333,18.361814,18.361814,0.000000
4.900000,scenario-defined,0,2,vehicle,0,0,22.210331,54.992633,12.741662,18.192000,-0.500000,0.000000,-90.000057,-1,1.0,100.0,70.0,MONITORING,,,8.333333,8.333333,22.210331,22.210331,0.000000
4.900000,scenario-defined,0,3,vehicle,0,0,26.134817,60.783565,12.756666,22.810000,-0.500000,0.000000,-90.000057,-1,1.0,100.0,70.0,MONITORING,,,8.333333,8.333333,26.134817,26.134817,0.000000
4.950000,scenario-defined,0,1,vehicle,7,0,17.861351,35.726977,14.500000,10.429663,-0.500000,5.555556,-90.000057,1,1.0,100.0,70.0,MONITORING,,,8.333333,8.333333,17.861351,17.861351,0.000000
4.950000,scenario-defined,0,2,vehicle,0,0,21.973947,55.882543,12.324995,18.192000,-0.500000,0.000000,-90.000057,-1,1.0,100.0,70.0,MONITORING,,,8.333333,8.333333,21.973947,21.973947,0.000000
4.950000,scenario-defined,0,3,vehicle,0,0,25.933987,61.587021,12.340000,22.810000,-0.500000,0.000000,-90.000057,-1,1.0,100.0,70.0,MONITORING,,,8.333333,8.333333,25.933987,25.933987,0.000000
5.000000,scenario-defined,0,1,vehicle,7,0,17.360905,35.785719,14.083333,10.151885,-0.500000,5.555556,-90.000057,1,1.0,100.0,70.0,MONITORING,,,8.333333,8.333333,17.360905,17.360905,0.000000
5.000000,scenario-defined,0,2,vehicle,0,0,21.742979,56.791583,11.908328,18.192000,-0.500000,0.000000,-90.000057,-1,1.0,100.0,70.0,MONITORING,,,8.333333,8.333333,21.742979,21.742979,0.000000
5.000000,scenario-defined,0,3,vehicle,0,0,25.738337,62.402854,11.923333,22.810000,-0.500000,0.000000,-90.000057,-1,1.0,100.0,70.0,MONITORING,,,8.333333,8.333333,25.738337,25.738337,0.000000
5.050000,scenario-defined,0,1,vehicle,7,0,16.860479,35.847947,13.666666,9.874107,-0.500000,5.555556,-90.000057,1,1.0,100.0,70.0,MONITORING,,,8.333333,8.333333,16.860479,16.860479,0.000000
5.050000,scenario-defined,0,2,vehicle,0,0,21.517601,57.719904,11.491662,18.192000,-0.500000,0.000000,-90.000057,-1,1.0,100.0,70.0,MONITORING,,,8.333333,8.333333,21.517601,21.517601,0.000000
5.050000,scenario-defined,0,3,vehicle,0,0,25.547984,63.231015,11.506666,22.810000,-0.500000,0.000000,-90.000057,-1,1.0,100.0,70.0,MONITORING,,,8.333333,8.333333,25.547984,25.547984,0.000000
5.100000,scenario-defined,0,1,vehicle,7,0,16.360074,35.913983,13.250000,9.596329,-0.500000,5.555556,-90.000057,1,1.0,100.0,70.0,MONITORING,,,8.333333,8.333333,16.360074,16.360074,0.000000
5.100000,scenario-defined,0,2,vehicle,0,0,21.297990,58.667622,11.074995,18.192000,-0.500000,0.000000,-90.000057,-1,1.0,100.0,70.0,MONITORING,,,8.333333,8.333333,21.297990,21.297990,0.000000
5.100000,scenario-defined,0,3,vehicle,0,0,25.363048,64.071431,11.090000,22.810000,-0.500000,0.000000,-90.000057,-1,1.0,100.0,70.0,MONITORING,,,8.333333,8.333333,25.363048,25.363048,0.000000
5.150000,scenario-defined,0,1,vehicle,7,0,15.859692,35.984185,12.833333,9.318551,-0.500000,5.555556,-90.000057,1,1.0,100.0,70.0,MONITORING,,,8.333333,8.333333,15.859692,15.859692,0.000000
5.150000,scenario-defined,0,2,vehicle,0,0,21.084327,59.634817,10.658328,18.192000,-0.500000,0.000000,-90.000057,-1,1.0,100.0,70.0,MONITORING,,,8.333333,8.333333,21.084327,21.084327,0.000000
5.150000,scenario-defined,0,3,vehicle,0,0,25.183648,64.924006,10.673333,22.810000,-0.500000,0.000000,-90.000057,-1,1.0,100.0,70.0,MONITORING,,,8.333333,8.333333,25.183648,25.183648,0.000000
5.200000,scenario-defined,0,1,vehicle,7,0,15.359336,36.058962,12.416666,9.040774,-0.500000,5.555556,-90.000057,1,1.0,100.0,70.0,MONITORING,,,8.333333,8.333333,15.359336,15.359336,0.000000
5.200000,scenario-defined,0,2,vehicle,0,0,20.876793,60.621527,10.241662,18.192000,-0.500000,0.000000,-90.000057,-1,1.0,100.0,70.0,MONITORING,,,8.333333,8.333333,20.876793,20.876793,0.000000
5.200000,scenario-defined,0,3,vehicle,0,0,25.009904,65.788620,10.256666,22.810000,-0.500000,0.000000,-90.000057,-1,1.0,100.0,70.0,MONITORING,,,8.333333,8.333333,25.009904,25.009904,0.000000
5.250000,scenario-defined,0,1,vehicle,7,0,14.859007,36.138775,12.000000,8.762996,-0.500000,5.555556,-90.000057,1,1.0,100.0,70.0,MONITORING,,,8.333333,8.333333,14.859007,14.859007,0.000000
5.250000,scenario-defined,0,2,vehicle,0,0,20.675575,61.627747,9.824995,18.192000,-0.500000,0.000000,-90.000057,-1,1.0,100.0,70.0,MONITORING,,,8.333333,8.333333,20.675575,20.675575,0.000000
5.250000,scenario-defined,0,3,vehicle,0,0,24.841934,66.665129,9.840000,22.810000,-0.500000,0.000000,-90.000057,-1,1.0,100.0,70.0,MONITORING,,,8.333333,8.333333,24.841934,24.841934,0.000000
5.300000,scenario-defined,0,1,vehicle,7,0,14.358709,36.224149,11.583333,8.485218,-0.500000,5.555556,-90.000057,1,1.0,100.0,70.0,MONITORING,,,8.333333,8.333333,14.358709,14.358709,0.000000
5.300000,scenario-defined,0,2,vehicle,0,0,20.480857,62.653421,9.408328,18.192000,-0.500000,0.000000,-90.000057,-1,1.0,100.0,70.0,MONITORING,,,8.333333,8.333333,20.480857,20.480857,0.000000
5.300000,scenario-defined,0,3,vehicle,0,0,24.679856,67.553360,9.423333,22.810000,-0.500000,0.000000,-90.000057,-1,1.0,100.0,70.0,MONITORING,,,8.333333,8.333333,24.679856,24.679856,0.000000
5.350000,scenario-defined,0,1,vehicle,7,0,13.858446,36.315687,11.166666,8.207440,-0.500000,5.555556,-90.000057,1,1.0,100.0,70.0,MONITORING,,,8.333333,8.333333,13.858446,13.858446,0.000000
5.350000,scenario-defined,0,2,vehicle,0,0,20.292827,63.698442,8.991662,18.192000,-0.500000,0.000000,-90.000057,-1,1.0,100.0,70.0,MONITORING,,,8.333333,8.333333,20.292827,20.292827,0.000000
5.350000,scenario-defined,0,3,vehicle,0,0,24.523787,68.453115,9.006666,22.810000,-0.500000,0.000000,-90.000057,-1,1.0,100.0,70.0,MONITORING,,,8.333333,8.333333,24.523787,24.523787,0.000000
5.400000,scenario-defined,0,1,vehicle,7,0,13.358220,36.414082,10.750000,7.929662,-0.500000,5.555556,-90.000057,1,1.0,100.0,70.0,MONITORING,,,8.333333,8.333333,13.358220,13.358220,0.000000
5.400000,scenario-defined,0,2,vehicle,0,0,20.111673,64.762649,8.574995,18.192000,-0.500000,0.000000,-90.000057,-1,1.0,100.0,70.0,MONITORING,,,8.333333,8.333333,20.111673,20.111673,0.000000
5.400000,scenario-defined,0,3,vehicle,0,0,24.373842,69.364168,8.590000,22.810000,-0.500000,0.000000,-90.000057,-1,1.0,100.0,70.0,MONITORING,,,8.333333,8.333333,24.373842,24.373842,0.000000
5.450000,scenario-defined,0,1,vehicle,7,0,12.858037,36.520132,10.333333,7.651885,-0.500000,5.555556,-90.000057,1,1.0,100.0,70.0,MONITORING,,,8.333333,8.333333,12.858037,12.858037,0.000000
5.450000,scenario-defined,0,2,vehicle,0,0,19.937582,65.845820,8.158329,18.192000,-0.500000,0.000000,-90.000057,-1,1.0,100.0,70.0,MONITORING,,,8.333333,8.333333,19.937582,19.937582,0.000000
5.450000,scenario-defined,0,3,vehicle,0,0,24.230136,70.286262,8.173333,22.810000,-0.500000,0.000000,-90.000057,-1,1.0,100.0,70.0,MONITORING,,,8.333333,8.333333,24.230136,24.230136,0.000000
5.500000,scenario-defined,0,1,vehicle,7,0,12.357901,36.634766,9.916667,7.374107,-0.500000,5.555556,-90.000057,1,1.0,100.0,70.0,MONITORING,,,8.333333,8.333333,12.357901,12.357901,0.000000
5.500000,scenario-defined,0,2,vehicle,0,0,19.770741,66.947672,7.741662,18.192000,-0.500000,0.000000,-90.000057,-1,1.0,100.0,70.0,MONITORING,,,8.333333,8.333333,19.770741,19.770741,0.000000
5.500000,scenario-defined,0,3,vehicle,0,0,24.092778,71.219115,7.756667,22.810000,-0.500000,0.000000,-90.000057,-1,1.0,100.0,70.0,MONITORING,,,8.333333,8.333333,24.092778,24.092778,0.000000
5.550000,scenario-defined,0,1,vehicle,7,0,11.857819,36.759069,9.500000,7.096329,-0.500000,5.555556,-90.000057,1,1.0,100.0,70.0,MONITORING,,,8.333333,8.333333,11.857819,11.857819,0.000000
5.550000,scenario-defined,0,2,vehicle,0,0,19.611334,68.067856,7.324995,18.192000,-0.500000,0.000000,-90.000057,-1,1.0,100.0,70.0,MONITORING,,,8.333333,8.333333,19.611334,19.611334,0.000000
5.550000,scenario-defined,0,3,vehicle,0,0,23.961880,72.162412,7.340000,22.810000,-0.500000,0.000000,-90.000057,-1,1.0,100.0,70.0,MONITORING,,,8.333333,8.333333,23.961880,23.961880,0.000000
5.600000,scenario-defined,0,1,vehicle,7,0,11.357798,36.894319,9.083333,6.818551,-0.500000,5.555556,-90.000057,1,1.0,100.0,70.0,MONITORING,,,8.333333,8.333333,11.357798,11.357798,0.000000
5.600000,scenario-defined,0,2,vehicle,0,0,19.459544,69.205956,6.908329,18.192000,-0.500000,0.000000,-90.000057,-1,1.0,100.0,70.0,MONITORING,,,8.333333,8.333333,19.459544,19.459544,0.000000
5.600000,scenario-defined,0,3,vehicle,0,0,23.837547,73.115810,6.923333,22.810000,-0.500000,0.000000,-90.000057,-1,1.0,100.0,70.0,MONITORING,,,8.333333,8.333333,23.837547,23.837547,0.000000
5.650000,scenario-defined,0,1,vehicle,7,0,10.857846,37.042024,8.666667,6.540773,-0.500000,5.555556,-90.000057,1,1.0,100.0,70.0,MONITORING,,,8.333333,8.333333,10.857846,10.857846,0.000000
5.650000,scenario-defined,0,2,vehicle,0,0,19.315552,70.361487,6.491662,18.192000,-0.500000,0.000000,-90.000057,-1,1.0,100.0,70.0,MONITORING,,,8.333333,8.333333,19.315552,19.315552,0.000000
5.650000,scenario-defined,0,3,vehicle,0,0,23.719882,74.078936,6.506667,22.810000,-0.500000,0.000000,-90.000057,-1,1.0,100.0,70.0,MONITORING,,,8.333333,8.333333,23.719882,23.719882,0.000000
5.700000,scenario-defined,0,1,vehicle,7,0,10.357973,37.203986,8.250000,6.262996,-0.500000,5.555556,-90.000057,1,1.0,100.0,70.0,MONITORING,,,8.333333,8.333333,10.357973,10.357973,0.000000
5.700000,scenario-defined,0,2,vehicle,0,0,19.179532,71.533890,6.074995,18.192000,-0.500000,0.000000,-90.000057,-1,1.0,100.0,70.0,MONITORING,,,8.333333,8.333333,19.179532,19.179532,0.000000
5.700000,scenario-defined,0,3,vehicle,0,0,23.608986,75.051387,6.090000,22.810000,-0.500000,0.000000,-90.000057,-1,1.0,100.0,70.0,MONITORING,,,8.333333,8.333333,23.608986,23.608986,0.000000
5.750000,scenario-defined,0,1,vehicle,7,0,9.858192,37.382373,7.833333,5.985218,-0.500000,5.555556,-90.000057,1,1.0,100.0,70.0,MONITORING,,,8.333333,8.333333,9.858192,9.858192,0.000000
5.750000,scenario-defined,0,2,vehicle,0,0,19.051655,72.722535,5.658329,18.192000,-0.500000,0.000000,-90.000057,-1,1.0,100.0,70.0,MONITORING,,,8.333333,8.333333,19.051655,19.051655,0.000000
5.750000,scenario-defined,0,3,vehicle,0,0,23.504953,76.032731,5.673333,22.810000,-0.500000,0.000000,-90.000057,-1,1.0,100.0,70.0,MONITORING,,,8.333333,8.333333,23.504953,23.504953,0.000000
5.800000,scenario-defined,0,1,vehicle,7,0,9.358516,37.579810,7.416667,5.707440,-0.500000,5.555556,-90.000057,1,1.0,100.0,70.0,MONITORING,,,8.333333,8.333333,9.358516,9.358516,0.000000
5.800000,scenario-defined,0,2,vehicle,0,0,18.932086,73.926719,5.241662,18.192000,-0.500000,0.000000,-90.000057,-1,1.0,100.0,70.0,MONITORING,,,8.333333,8.333333,18.932086,18.932086,0.000000
5.800000,scenario-defined,0,3,vehicle,0,0,23.407876,77.022507,5.256667,22.810000,-0.500000,0.000000,-90.000057,-1,1.0,100.0,70.0,MONITORING,,,8.333333,8.333333,23.407876,23.407876,0.000000
5.850000,scenario-defined,0,1,vehicle,7,0,8.858963,37.799517,7.000000,5.429662,-0.500000,5.555556,-90.000057,1,1.0,100.0,70.0,MONITORING,,,8.333333,8.333333,8.858963,8.858963,0.000000
5.850000,scenario-defined,0,2,vehicle,0,0,18.820984,75.145663,4.824995,18.192000,-0.500000,0.000000,-90.000057,-1,1.0,100.0,70.0,MONITORING,,,8.333333,8.333333,18.820984,18.820984,0.000000
5.850000,scenario-defined,0,3,vehicle,0,0,23.317841,78.020226,4.840000,22.810000,-0.500000,0.000000,-90.000057,-1,1.0,100.0,70.0,MONITORING,,,8.333333,8.333333,23.317841,23.317841,0.000000
5.900000,scenario-defined,0,1,vehicle,7,0,8.359557,38.045480,6.583333,5.151884,-0.500000,5.555556,-90.000057,1,1.0,100.0,70.0,MONITORING,,,8.333333,8.333333,8.359557,8.359557,0.000000
5.900000,scenario-defined,0,2,vehicle,0,0,18.718500,76.378518,4.408329,18.192000,-0.500000,0.000000,-90.000057,-1,1.0,100.0,70.0,MONITORING,,,8.333333,8.333333,18.718500,18.718500,0.000000
5.900000,scenario-defined,0,3,vehicle,0,0,23.234930,79.025372,4.423333,22.810000,-0.500000,0.000000,-90.000057,-1,1.0,100.0,70.0,MONITORING,,,8.333333,8.333333,23.234930,23.234930,0.000000
5.950000,scenario-defined,0,1,vehicle,7,0,7.860324,38.322691,6.166667,4.874107,-0.500000,5.555556,-90.000057,1,1.0,100.0,70.0,MONITORING,,,8.333333,8.333333,7.860324,7.860324,0.000000
5.950000,scenario-defined,0,2,vehicle,0,0,18.624775,77.624363,3.991662,18.192000,-0.500000,0.000000,-90.000057,-1,1.0,100.0,70.0,MONITORING,,,8.333333,8.333333,18.624775,18.624775,0.000000
5.950000,scenario-defined,0,3,vehicle,0,0,23.159220,80.037403,4.006667,22.810000,-0.500000,0.000000,-90.000057,-1,1.0,100.0,70.0,MONITORING,,,8.333333,8.333333,23.159220,23.159220,0.000000
6.000000,scenario-defined,0,1,vehicle,7,0,7.361300,38.637495,5.750000,4.596329,-0.500000,5.555556,-90.000057,1,1.0,100.0,70.0,MONITORING,,,8.333333,8.333333,7.361300,7.361300,0.000000
6.000000,scenario-defined,0,2,vehicle,0,0,18.539942,78.882208,3.574995,18.192000,-0.500000,0.000000,-90.000057,-1,1.0,100.0,70.0,MONITORING,,,8.333333,8.333333,18.539942,18.539942,0.000000
6.000000,scenario-defined,0,3,vehicle,0,0,23.090782,81.055753,3.590000,22.810000,-0.500000,0.000000,-90.000057,-1,1.0,100.0,70.0,MONITORING,,,8.333333,8.333333,23.090782,23.090782,0.000000
6.050000,scenario-defined,0,1,vehicle,7,0,6.862531,38.998071,5.333333,4.318551,-0.500000,5.555556,-90.000057,1,1.0,100.0,70.0,MONITORING,,,8.333333,8.333333,6.862531,6.862531,0.000000
6.050000,scenario-defined,0,2,vehicle,0,0,18.464125,80.151000,3.158329,18.192000,-0.500000,0.000000,-90.000057,-1,1.0,100.0,70.0,MONITORING,,,8.333333,8.333333,18.464125,18.464125,0.000000
6.050000,scenario-defined,0,3,vehicle,0,0,23.029680,82.079831,3.173333,22.810000,-0.500000,0.000000,-90.000057,-1,1.0,100.0,70.0,MONITORING,,,8.333333,8.333333,23.029680,23.029680,0.000000
6.100000,scenario-defined,0,1,vehicle,7,0,6.364076,39.415149,4.916667,4.040773,-0.500000,5.555556,-90.000057,1,1.0,100.0,70.0,MONITORING,,,8.333333,8.333333,6.364076,6.364076,0.000000
6.100000,scenario-defined,0,2,vehicle,0,0,18.397434,81.429621,2.741662,18.192000,-0.500000,0.000000,-90.000057,-1,1.0,100.0,70.0,MONITORING,,,8.333333,8.333333,18.397434,18.397434,0.000000
6.100000,scenario-defined,0,3,vehicle,0,0,22.975972,83.109028,2.756667,22.810000,-0.500000,0.000000,-90.000057,-1,1.0,100.0,70.0,MONITORING,,,8.333333,8.333333,22.975972,22.975972,0.000000
6.150000,scenario-defined,0,1,vehicle,7,0,5.866015,39.903082,4.500000,3.762995,-0.500000,5.555556,-90.000057,1,1.0,100.0,70.0,MONITORING,,,8.333333,8.333333,5.866015,5.866015,0.000000
6.150000,scenario-defined,0,2,vehicle,0,0,18.339969,82.716899,2.324995,18.192000,-0.500000,0.000000,-90.000057,-1,1.0,100.0,70.0,MONITORING,,,8.333333,8.333333,18.339969,18.339969,0.000000
6.150000,scenario-defined,0,3,vehicle,0,0,22.929712,84.142712,2.340000,22.810000,-0.500000,0.000000,-90.000057,-1,1.0,100.0,70.0,MONITORING,,,8.333333,8.333333,22.929712,22.929712,0.000000
6.200000,scenario-defined,0,1,vehicle,7,0,5.368459,40.481507,4.083333,3.485218,-0.500000,5.555556,-90.000057,1,1.0,100.0,70.0,MONITORING,,,8.333333,8.333333,5.368459,5.368459,0.000000
6.200000,scenario-defined,0,2,vehicle,0,0,18.291817,84.011612,1.908329,18.192000,-0.500000,0.000000,-90.000057,-1,1.0,100.0,70.0,MONITORING,,,8.333333,8.333333,18.291817,18.291817,0.000000
6.200000,scenario-defined,0,3,vehicle,0,0,22.890944,85.180235,1.923333,22.810000,-0.500000,0.000000,-90.000057,-1,1.0,100.0,70.0,MONITORING,,,8.333333,8.333333,22.890944,22.890944,0.000000
6.250000,scenario-defined,0,1,vehicle,7,0,4.871562,41.178015,3.666667,3.207440,-0.500000,5.555556,-90.000057,1,1.0,100.0,70.0,MONITORING,,,8.333333,8.333333,4.871562,4.871562,0.000000
6.250000,scenario-defined,0,2,vehicle,0,0,18.253052,85.312490,1.491662,18.192000,-0.500000,0.000000,-90.000057,-1,1.0,100.0,70.0,MONITORING,,,8.333333,8.333333,18.253052,18.253052,0.000000
6.250000,scenario-defined,0,3,vehicle,0,0,22.859706,86.220937,1.506667,22.810000,-0.500000,0.000000,-90.000057,-1,1.0,100.0,70.0,MONITORING,,,8.333333,8.333333,22.859706,22.859706,0.000000
6.300000,scenario-defined,0,1,vehicle,7,0,4.375548,42.032586,3.250000,2.929662,-0.500000,5.555556,-90.000057,1,1.0,100.0,70.0,MONITORING,,,8.333333,8.333333,4.375548,4.375548,0.000000
6.300000,scenario-defined,0,2,vehicle,0,0,18.223734,86.618230,1.074995,18.192000,-0.500000,0.000000,-90.000057,-1,1.0,100.0,70.0,MONITORING,,,8.333333,8.333333,18.223734,18.223734,0.000000
6.300000,scenario-defined,0,3,vehicle,0,0,22.836029,87.264141,1.090000,22.810000,-0.500000,0.000000,-90.000057,-1,1.0,100.0,70.0,MONITORING,,,8.333333,8.333333,22.836029,22.836029,0.000000
6.350000,scenario-defined,0,1,vehicle,7,0,3.880756,43.105364,2.833333,2.651884,-0.500000,5.555556,-90.000057,1,1.0,100.0,70.0,MONITORING,,,8.333333,8.333333,3.880756,3.880756,0.000000
6.350000,scenario-defined,0,2,vehicle,0,0,18.203908,87.927495,0.658329,18.192000,-0.500000,0.000000,-90.000057,-1,1.0,100.0,70.0,MONITORING,,,8.333333,8.333333,18.203908,18.203908,0.000000
6.350000,scenario-defined,0,3,vehicle,0,0,22.819936,88.309164,0.673333,22.810000,-0.500000,0.000000,-90.000057,-1,1.0,100.0,70.0,MONITORING,,,8.333333,8.333333,22.819936,22.819936,0.000000
6.400000,scenario-defined,0,1,vehicle,7,0,3.387722,44.491007,2.416667,2.374106,-0.500000,5.555556,-90.000057,1,1.0,100.0,70.0,MONITORING,,,8.333333,8.333333,3.387722,3.387722,0.000000
6.400000,scenario-defined,0,2,vehicle,0,0,18.193605,89.238929,0.241662,18.192000,-0.500000,0.000000,-90.000057,-1,1.0,100.0,70.0,MONITORING,,,8.333333,8.333333,18.193605,18.193605,0.000000
6.400000,scenario-defined,0,3,vehicle,0,0,22.811444,89.355313,0.256667,22.810000,-0.500000,0.000000,-90.000057,-1,1.0,100.0,70.0,MONITORING,,,8.333333,8.333333,22.811444,22.811444,0.000000
6.450000,scenario-defined,0,1,vehicle,7,0,2.897343,46.347107,2.000000,2.096329,-0.500000,5.555556,-90.000057,1,1.0,100.0,70.0,MONITORING,,,8.333333,8.333333,2.897343,2.897343,0.000000
6.450000,scenario-defined,0,2,vehicle,0,0,18.192842,90.551160,-0.175004,18.192000,-0.500000,0.000000,-90.000057,-1,1.0,100.0,70.0,MONITORING,,,8.333333,8.333333,18.192842,18.192842,0.000000
6.450000,scenario-defined,0,3,vehicle,0,0,22.810561,90.401892,-0.160000,22.810000,-0.500000,0.000000,-90.000057,-1,1.0,100.0,70.0,MONITORING,,,8.333333,8.333333,22.810561,22.810561,0.000000
6.500000,scenario-defined,0,1,vehicle,7,0,2.411239,48.955319,1.583334,1.818551,-0.500000,5.555556,-90.000057,1,1.0,100.0,70.0,MONITORING,,,8.333333,8.333333,2.411239,2.411239,0.000000
6.500000,scenario-defined,0,2,vehicle,0,0,18.201619,91.862814,-0.591671,18.192000,-0.500000,0.000000,-90.000057,-1,1.0,100.0,70.0,MONITORING,,,8.333333,8.333333,18.201619,18.201619,0.000000
6.500000,scenario-defined,0,3,vehicle,0,0,22.817288,91.448203,-0.576666,22.810000,-0.500000,0.000000,-90.000057,-1,1.0,100.0,70.0,MONITORING,,,8.333333,8.333333,22.817288,22.817288,0.000000
6.550000,scenario-defined,0,1,vehicle,7,0,1.932639,52.867146,1.166667,1.540773,-0.500000,5.555556,-90.000057,1,1.0,100.0,70.0,MONITORING,,,8.333333,8.333333,1.932639,1.932639,0.000000
6.550000,scenario-defined,0,2,vehicle,0,0,18.219923,93.172518,-1.008338,18.192000,-0.500000,0.000000,-90.000057,-1,1.0,100.0,70.0,MONITORING,,,8.333333,8.333333,18.219923,18.219923,0.000000
6.550000,scenario-defined,0,3,vehicle,0,0,22.831619,92.493549,-0.993333,22.810000,-0.500000,0.000000,-90.000057,-1,1.0,100.0,70.0,MONITORING,,,8.333333,8.333333,22.831619,22.831619,0.000000
6.600000,scenario-defined,0,1,vehicle,7,0,1.468897,59.297029,0.750000,1.262995,-0.500000,5.555556,-90.000057,1,1.0,100.0,70.0,MONITORING,,,8.333333,8.333333,1.468897,1.468897,0.000000
6.600000,scenario-defined,0,2,vehicle,0,0,18.247726,94.478912,-1.425004,18.192000,-0.500000,0.000000,-90.000057,-1,1.0,100.0,70.0,MONITORING,,,8.333333,8.333333,18.247726,18.247726,0.000000
6.600000,scenario-defined,0,3,vehicle,0,0,22.853538,93.537237,-1.410000,22.810000,-0.500000,0.000000,-90.000057,-1,1.0,100.0,70.0,MONITORING,,,8.333333,8.333333,22.853538,22.853538,0.000000
6.650000,scenario-defined,0,1,vehicle,7,0,1.040079,71.307520,0.333334,0.985217,-0.500000,5.555556,-90.000057,1,1.0,100.0,70.0,MONITORING,,,8.333333,8.333333,1.040079,1.040079,0.000000
6.650000,scenario-defined,0,2,vehicle,0,0,18.284983,95.780657,-1.841671,18.192000,-0.500000,0.000000,-90.000057,-1,1.0,100.0,70.0,MONITORING,,,8.333333,8.333333,18.284983,18.284983,0.000000
6.650000,scenario-defined,0,3,vehicle,0,0,22.883025,94.578580,-1.826666,22.810000,-0.500000,0.000000,-90.000057,-1,1.0,100.0,70.0,MONITORING,,,8.333333,8.333333,22.883025,22.883025,0.000000
6.700000,scenario-defined,0,1,vehicle,7,0,0.712331,96.718218,-0.083333,0.707440,-0.500000,5.555556,-90.000057,1,1.0,100.0,70.0,MONITORING,,,8.333333,8.333333,0.712331,0.712331,0.000000
6.700000,scenario-defined,0,2,vehicle,0,0,18.331638,97.076442,-2.258338,18.192000,-0.500000,0.000000,-90.000057,-1,1.0,100.0,70.0,MONITORING,,,8.333333,8.333333,18.331638,18.331638,0.000000
6.700000,scenario-defined,0,3,vehicle,0,0,22.920049,95.616900,-2.243333,22.810000,-0.500000,0.000000,-90.000057,-1,1.0,100.0,70.0,MONITORING,,,8.333333,8.333333,22.920049,22.920049,0.000000
6.750000,scenario-defined,0,1,vehicle,7,0,0.659249,139.326746,-0.500000,0.429662,-0.500000,5.555556,-90.000057,1,1.0,100.0,70.0,MONITORING,,,8.333333,8.333333,0.659249,0.659249,0.000000
6.750000,scenario-defined,0,2,vehicle,0,0,18.387618,98.364993,-2.675004,18.192000,-0.500000,0.000000,-90.000057,-1,1.0,100.0,70.0,MONITORING,,,8.333333,8.333333,18.387618,18.387618,0.000000
6.750000,scenario-defined,0,3,vehicle,0,0,22.964575,96.651533,-2.660000,22.810000,-0.500000,0.000000,-90.000057,-1,1.0,100.0,70.0,MONITORING,,,8.333333,8.333333,22.964575,22.964575,0.000000
6.800000,scenario-defined,0,1,vehicle,7,0,0.929164,170.592044,-0.916666,0.151884,-0.500000,5.555556,-90.000057,1,1.0,100.0,70.0,MONITORING,,,8.333333,8.333333,0.929164,0.929164,0.000000
6.800000,scenario-defined,0,2,vehicle,0,0,18.452840,99.645079,-3.091671,18.192000,-0.500000,0.000000,-90.000057,-1,1.0,100.0,70.0,MONITORING,,,8.333333,8.333333,18.452840,18.452840,0.000000
6.800000,scenario-defined,0,3,vehicle,0,0,23.016559,97.681827,-3.076666,22.810000,-0.500000,0.000000,-90.000057,-1,1.0,100.0,70.0,MONITORING,,,8.333333,8.333333,23.016559,23.016559,0.000000
6.850000,scenario-defined,0,1,vehicle,7,0,1.339263,-174.606099,-1.333333,-0.125894,-0.500000,5.555556,-90.000057,1,1.0,100.0,70.0,MONITORING,,,8.333333,8.333333,1.339263,1.339263,0.000000
6.850000,scenario-defined,0,2,vehicle,0,0,18.527204,100.915520,-3.508338,18.192000,-0.500000,0.000000,-90.000057,-1,1.0,100.0,70.0,MONITORING,,,8.333333,8.333333,18.527204,18.527204,0.000000
6.850000,scenario-defined,0,3,vehicle,0,0,23.075950,98.707148,-3.493333,22.810000,-0.500000,0.000000,-90.000057,-1,1.0,100.0,70.0,MONITORING,,,8.333333,8.333333,23.075950,23.075950,0.000000
6.900000,scenario-defined,0,1,vehicle,7,0,1.795954,-167.010804,-1.750000,-0.403672,-0.500000,5.555556,-90.000057,1,1.0,100.0,70.0,MONITORING,,,8.333333,8.333333,1.795954,1.795954,0.000000
6.900000,scenario-defined,0,2,vehicle,0,0,18.610602,102.175189,-3.925004,18.192000,-0.500000,0.000000,-90.000057,-1,1.0,100.0,70.0,MONITORING,,,8.333333,8.333333,18.610602,18.610602,0.000000
6.900000,scenario-defined,0,3,vehicle,0,0,23.142692,99.726881,-3.910000,22.810000,-0.500000,0.000000,-90.000057,-1,1.0,100.0,70.0,MONITORING,,,8.333333,8.333333,23.142692,23.142692,0.000000
6.950000,scenario-defined,0,1,vehicle,7,0,2.271303,-162.540846,-2.166666,-0.681449,-0.500000,5.555556,-90.000057,1,1.0,100.0,70.0,MONITORING,,,8.333333,8.333333,2.271303,2.271303,0.000000
6.950000,scenario-defined,0,2,vehicle,0,0,18.702913,103.423022,-4.341671,18.192000,-0.500000,0.000000,-90.000057,-1,1.0,100.0,70.0,MONITORING,,,8.333333,8.333333,18.702913,18.702913,0.000000
6.950000,scenario-defined,0,3,vehicle,0,0,23.216721,100.740429,-4.326666,22.810000,-0.500000,0.000000,-90.000057,-1,1.0,100.0,70.0,MONITORING,,,8.333333,8.333333,23.216721,23.216721,0.000000
7.000000,scenario-defined,0,1,vehicle,7,0,2.755672,-159.629342,-2.583333,-0.959227,-0.500000,5.555556,-90.000057,1,1.0,100.0,70.0,MONITORING,,,8.333333,8.333333,2.755672,2.755672,0.000000
7.000000,scenario-defined,0,2,vehicle,0,0,18.804006,104.658018,-4.758338,18.192000,-0.500000,0.000000,-90.000057,-1,1.0,100.0,70.0,MONITORING,,,8.333333,8.333333,18.804006,18.804006,0.000000
7.000000,scenario-defined,0,3,vehicle,0,0,23.297968,101.747222,-4.743333,22.810000,-0.500000,0.000000,-90.000057,-1,1.0,100.0,70.0,MONITORING,,,8.333333,8.333333,23.297968,23.297968,0.000000
7.050000,scenario-defined,0,1,vehicle,7,0,3.245024,-157.591928,-3.000000,-1.237005,-0.500000,5.555556,-90.000057,1,1.0,100.0,70.0,MONITORING,,,8.333333,8.333333,3.245024,3.245024,0.000000
7.050000,scenario-defined,0,2,vehicle,0,0,18.913739,105.879247,-5.175004,18.192000,-0.500000,0.000000,-90.000057,-1,1.0,100.0,70.0,MONITORING,,,8.333333,8.333333,18.913739,18.913739,0.000000
7.050000,scenario-defined,0,3,vehicle,0,0,23.386357,102.746711,-5.160000,22.810000,-0.500000,0.000000,-90.000057,-1,1.0,100.0,70.0,MONITORING,,,8.333333,8.333333,23.386357,23.386357,0.000000
7.100000,scenario-defined,0,1,vehicle,7,0,3.737402,-156.089841,-3.416666,-1.514783,-0.500000,5.555556,-90.000057,1,1.0,100.0,70.0,MONITORING,,,8.333333,8.333333,3.737402,3.737402,0.000000
7.100000,scenario-defined,0,2,vehicle,0,0,19.031964,107.085846,-5.591671,18.192000,-0.500000,0.000000,-90.000057,-1,1.0,100.0,70.0,MONITORING,,,8.333333,8.333333,19.031964,19.031964,0.000000
7.100000,scenario-defined,0,3,vehicle,0,0,23.481808,103.738374,-5.576666,22.810000,-0.500000,0.000000,-90.000057,-1,1.0,100.0,70.0,MONITORING,,,8.333333,8.333333,23.481808,23.481808,0.000000
7.150000,scenario-defined,0,1,vehicle,7,0,4.231751,-154.938054,-3.833333,-1.792561,-0.500000,5.555556,-90.000057,1,1.0,100.0,70.0,MONITORING,,,8.333333,8.333333,4.231751,4.231751,0.000000
7.150000,scenario-defined,0,2,vehicle,0,0,19.158523,108.277026,-6.008338,18.192000,-0.500000,0.000000,-90.000057,-1,1.0,100.0,70.0,MONITORING,,,8.333333,8.333333,19.158523,19.158523,0.000000
7.150000,scenario-defined,0,3,vehicle,0,0,23.584235,104.721716,-5.993333,22.810000,-0.500000,0.000000,-90.000057,-1,1.0,100.0,70.0,MONITORING,,,8.333333,8.333333,23.584235,23.584235,0.000000
7.200000,scenario-defined,0,1,vehicle,7,0,4.727452,-154.027503,-4.250000,-2.070338,-0.500000,5.555556,-90.000057,1,1.0,100.0,70.0,MONITORING,,,8.333333,8.333333,4.727452,4.727452,0.000000
7.200000,scenario-defined,0,2,vehicle,0,0,19.293251,109.452072,-6.425004,18.192000,-0.500000,0.000000,-90.000057,-1,1.0,100.0,70.0,MONITORING,,,8.333333,8.333333,19.293251,19.293251,0.000000
7.200000,scenario-defined,0,3,vehicle,0,0,23.693548,105.696270,-6.410000,22.810000,-0.500000,0.000000,-90.000057,-1,1.0,100.0,70.0,MONITORING,,,8.333333,8.333333,23.693548,23.693548,0.000000
7.250000,scenario-defined,0,1,vehicle,7,0,5.224119,-153.289931,-4.666666,-2.348116,-0.500000,5.555556,-90.000057,1,1.0,100.0,70.0,MONITORING,,,8.333333,8.333333,5.224119,5.224119,0.000000
7.250000,scenario-defined,0,2,vehicle,0,0,19.435980,110.610341,-6.841671,18.192000,-0.500000,0.000000,-90.000057,-1,1.0,100.0,70.0,MONITORING,,,8.333333,8.333333,19.435980,19.435980,0.000000
7.250000,scenario-defined,0,3,vehicle,0,0,23.809651,106.661596,-6.826666,22.810000,-0.500000,0.000000,-90.000057,-1,1.0,100.0,70.0,MONITORING,,,8.333333,8.333333,23.809651,23.809651,0.000000
7.300000,scenario-defined,0,1,vehicle,7,0,5.721503,-152.680509,-5.083333,-2.625894,-0.500000,5.555556,-90.000057,1,1.0,100.0,70.0,MONITORING,,,8.333333,8.333333,5.721503,5.721503,0.000000
7.300000,scenario-defined,0,2,vehicle,0,0,19.586534,111.751265,-7.258338,18.192000,-0.500000,0.000000,-90.000057,-1,1.0,100.0,70.0,MONITORING,,,8.333333,8.333333,19.586534,19.586534,0.000000
7.300000,scenario-defined,0,3,vehicle,0,0,23.932446,107.617285,-7.243333,22.810000,-0.500000,0.000000,-90.000057,-1,1.0,100.0,70.0,MONITORING,,,8.333333,8.333333,23.932446,23.932446,0.000000
7.350000,scenario-defined,0,1,vehicle,7,0,6.219430,-152.168617,-5.500000,-2.903672,-0.500000,5.555556,-90.000057,1,1.0,100.0,70.0,MONITORING,,,8.333333,8.333333,6.219430,6.219430,0.000000
7.350000,scenario-defined,0,2,vehicle,0,0,19.744735,112.874345,-7.675004,18.192000,-0.500000,0.000000,-90.000057,-1,1.0,100.0,70.0,MONITORING,,,8.333333,8.333333,19.744735,19.744735,0.000000
7.350000,scenario-defined,0,3,vehicle,0,0,24.061831,108.562958,-7.660000,22.810000,-0.500000,0.000000,-90.000057,-1,1.0,100.0,70.0,MONITORING,,,8.333333,8.333333,24.061831,24.061831,0.000000
7.400000,scenario-defined,0,1,vehicle,7,0,6.717779,-151.732643,-5.916666,-3.181450,-0.500000,5.555556,-90.000057,1,1.0,100.0,70.0,MONITORING,,,8.333333,8.333333,6.717779,6.717779,0.000000
7.400000,scenario-defined,0,2,vehicle,0,0,19.910399,113.979154,-8.091671,18.192000,-0.500000,0.000000,-90.000057,-1,1.0,100.0,70.0,MONITORING,,,8.333333,8.333333,19.910399,19.910399,0.000000
7.400000,scenario-defined,0,3,vehicle,0,0,24.197699,109.498263,-8.076666,22.810000,-0.500000,0.000000,-90.000057,-1,1.0,100.0,70.0,MONITORING,,,8.333333,8.333333,24.197699,24.197699,0.000000
7.450000,scenario-defined,0,1,vehicle,7,0,7.216464,-151.356904,-6.333333,-3.459227,-0.500000,5.555556,-90.000057,1,1.0,100.0,70.0,MONITORING,,,8.333333,8.333333,7.216464,7.216464,0.000000
7.450000,scenario-defined,0,2,vehicle,0,0,20.083343,115.065335,-8.508337,18.192000,-0.500000,0.000000,-90.000057,-1,1.0,100.0,70.0,MONITORING,,,8.333333,8.333333,20.083343,20.083343,0.000000
7.450000,scenario-defined,0,3,vehicle,0,0,24.339943,110.422880,-8.493333,22.810000,-0.500000,0.000000,-90.000057,-1,1.0,100.0,70.0,MONITORING,,,8.333333,8.333333,24.339943,24.339943,0.000000
7.500000,scenario-defined,0,1,vehicle,7,0,7.715420,-151.029751,-6.749999,-3.737005,-0.500000,5.555556,-90.000057,1,1.0,100.0,70.0,MONITORING,,,8.333333,8.333333,7.715420,7.715420,0.000000
7.500000,scenario-defined,0,2,vehicle,0,0,20.263380,116.132592,-8.925004,18.192000,-0.500000,0.000000,-90.000057,-1,1.0,100.0,70.0,MONITORING,,,8.333333,8.333333,20.263380,20.263380,0.000000
7.500000,scenario-defined,0,3,vehicle,0,0,24.488450,111.336518,-8.909999,22.810000,-0.500000,0.000000,-90.000057,-1,1.0,100.0,70.0,MONITORING,,,8.333333,8.333333,24.488450,24.488450,0.000000
7.550000,scenario-defined,0,1,vehicle,7,0,8.214596,-150.742349,-7.166666,-4.014783,-0.500000,5.555556,-90.000057,1,1.0,100.0,70.0,MONITORING,,,8.333333,8.333333,8.214596,8.214596,0.000000
7.550000,scenario-defined,0,2,vehicle,0,0,20.450322,117.180695,-9.341671,18.192000,-0.500000,0.000000,-90.000057,-1,1.0,100.0,70.0,MONITORING,,,8.333333,8.333333,20.450322,20.450322,0.000000
7.550000,scenario-defined,0,3,vehicle,0,0,24.643109,112.238915,-9.326666,22.810000,-0.500000,0.000000,-90.000057,-1,1.0,100.0,70.0,MONITORING,,,8.333333,8.333333,24.643109,24.643109,0.000000
7.600000,scenario-defined,0,1,vehicle,7,0,8.713955,-150.487881,-7.583333,-4.292561,-0.500000,5.555556,-90.000057,1,1.0,100.0,70.0,MONITORING,,,8.333333,8.333333,8.713955,8.713955,0.000000
7.600000,scenario-defined,0,2,vehicle,0,0,20.643983,118.209472,-9.758337,18.192000,-0.500000,0.000000,-90.000057,-1,1.0,100.0,70.0,MONITORING,,,8.333333,8.333333,20.643983,20.643983,0.000000
7.600000,scenario-defined,0,3,vehicle,0,0,24.803803,113.129839,-9.743333,22.810000,-0.500000,0.000000,-90.000057,-1,1.0,100.0,70.0,MONITORING,,,8.333333,8.333333,24.803803,24.803803,0.000000
7.650000,scenario-defined,0,1,vehicle,7,0,9.213468,-150.261002,-7.999999,-4.570339,-0.500000,5.555556,-90.000057,1,1.0,100.0,70.0,MONITORING,,,8.333333,8.333333,9.213468,9.213468,0.000000
7.650000,scenario-defined,0,2,vehicle,0,0,20.844174,119.218809,-10.175004,18.192000,-0.500000,0.000000,-90.000057,-1,1.0,100.0,70.0,MONITORING,,,8.333333,8.333333,20.844174,20.844174,0.000000
7.650000,scenario-defined,0,3,vehicle,0,0,24.970416,114.009083,-10.159999,22.810000,-0.500000,0.000000,-90.000057,-1,1.0,100.0,70.0,MONITORING,,,8.333333,8.333333,24.970416,24.970416,0.000000
7.700000,scenario-defined,0,1,vehicle,7,0,9.713110,-150.057460,-8.416666,-4.848116,-0.500000,5.555556,-90.000057,1,1.0,100.0,70.0,MONITORING,,,8.333333,8.333333,9.713110,9.713110,0.000000
7.700000,scenario-defined,0,2,vehicle,0,0,21.050709,120.208642,-10.591671,18.192000,-0.500000,0.000000,-90.000057,-1,1.0,100.0,70.0,MONITORING,,,8.333333,8.333333,21.050709,21.050709,0.000000
7.700000,scenario-defined,0,3,vehicle,0,0,25.142831,114.876471,-10.576666,22.810000,-0.500000,0.000000,-90.000057,-1,1.0,100.0,70.0,MONITORING,,,8.333333,8.333333,25.142831,25.142831,0.000000
7.750000,scenario-defined,0,1,vehicle,7,0,10.212862,-149.873837,-8.833333,-5.125894,-0.500000,5.555556,-90.000057,1,1.0,100.0,70.0,MONITORING,,,8.333333,8.333333,10.212862,10.212862,0.000000
7.750000,scenario-defined,0,2,vehicle,0,0,21.263404,121.178958,-11.008337,18.192000,-0.500000,0.000000,-90.000057,-1,1.0,100.0,70.0,MONITORING,,,8.333333,8.333333,21.263404,21.263404,0.000000
7.750000,scenario-defined,0,3,vehicle,0,0,25.320929,115.731851,-10.993333,22.810000,-0.500000,0.000000,-90.000057,-1,1.0,100.0,70.0,MONITORING,,,8.333333,8.333333,25.320929,25.320929,0.000000
7.800000,scenario-defined,0,1,vehicle,7,0,10.712710,-149.707348,-9.249999,-5.403672,-0.500000,5.555556,-90.000057,1,1.0,100.0,70.0,MONITORING,,,8.333333,8.333333,10.712710,10.712710,0.000000
7.800000,scenario-defined,0,2,vehicle,0,0,21.482076,122.129788,-11.425004,18.192000,-0.500000,0.000000,-90.000057,-1,1.0,100.0,70.0,MONITORING,,,8.333333,8.333333,21.482076,21.482076,0.000000
7.800000,scenario-defined,0,3,vehicle,0,0,25.504591,116.575097,-11.409999,22.810000,-0.500000,0.000000,-90.000057,-1,1.0,100.0,70.0,MONITORING,,,8.333333,8.333333,25.504591,25.504591,0.000000
